{
    "project": {
        "version": "NEXT",
        "name": "TweenJS",
        "description": "Tween JS API.",
        "url": "http://www.createjs.com/#!/TweenJS",
        "logo": "http://createjs.com/resources/SuiteIcons/TweenJS/docs-icon-TweenJS.png"
    },
    "files": {
        "../src/easeljs/events/EventDispatcher.js": {
            "name": "../src/easeljs/events/EventDispatcher.js",
            "modules": {},
            "classes": {
                "EventDispatcher": 1
            },
            "fors": {},
            "namespaces": {}
        },
        "../src/tweenjs/CSSPlugin.js": {
            "name": "../src/tweenjs/CSSPlugin.js",
            "modules": {},
            "classes": {
                "CSSPlugin": 1
            },
            "fors": {},
            "namespaces": {}
        },
        "../src/tweenjs/Ease.js": {
            "name": "../src/tweenjs/Ease.js",
            "modules": {},
            "classes": {
                "Ease": 1
            },
            "fors": {},
            "namespaces": {}
        },
        "../src/tweenjs/MotionGuidePlugin.js": {
            "name": "../src/tweenjs/MotionGuidePlugin.js",
            "modules": {},
            "classes": {
                "MotionGuidePlugin": 1
            },
            "fors": {},
            "namespaces": {}
        },
        "../src/tweenjs/SamplePlugin.js": {
            "name": "../src/tweenjs/SamplePlugin.js",
            "modules": {},
            "classes": {
                "SamplePlugin": 1
            },
            "fors": {},
            "namespaces": {}
        },
        "../src/tweenjs/Timeline.js": {
            "name": "../src/tweenjs/Timeline.js",
            "modules": {},
            "classes": {
                "Timeline": 1
            },
            "fors": {},
            "namespaces": {}
        },
        "../src/tweenjs/Tween.js": {
            "name": "../src/tweenjs/Tween.js",
            "modules": {
                "TweenJS": 1
            },
            "classes": {
                "Tween": 1
            },
            "fors": {},
            "namespaces": {}
        },
        "../src/tweenjs/version.js": {
            "name": "../src/tweenjs/version.js",
            "modules": {},
            "classes": {
                "TweenJS": 1
            },
            "fors": {},
            "namespaces": {}
        }
    },
    "modules": {
        "TweenJS": {
            "name": "TweenJS",
            "submodules": {},
            "classes": {
                "EventDispatcher": 1,
                "CSSPlugin": 1,
                "Ease": 1,
                "MotionGuidePlugin": 1,
                "SamplePlugin": 1,
                "Timeline": 1,
                "Tween": 1,
                "TweenJS": 1
            },
            "fors": {},
            "namespaces": {},
            "tag": "module",
            "file": "../src/tweenjs/version.js",
            "line": 3,
            "description": "The TweenJS Javascript library provides a simple but powerful tweening interface. It supports tweening of both\nnumeric object properties & CSS style properties, and allows you to chain tweens and actions together to create\ncomplex sequences.\n\n<h4>Simple Tween</h4>\nThis tween will tween the target's alpha property from 0 to 1 for 1s then call the <code>onComplete</code> function.\n\n\t    target.alpha = 0;\n\t    Tween.get(target).to({alpha:1}, 1000).call(onComplete);\n\t    function onComplete() {\n\t    \t//Tween complete\n\t    }\n\n<strong>Arguments and Scope</strong>\nTween also supports a `call()` with arguments and/or a scope. If no scope is passed, then the function is called\nanonymously (normal JavaScript behaviour). The scope is useful for maintaining scope when doing object-oriented\nstyle development.\n\n     Tween.get(target).to({alpha:0})\n         .call(onComplete, [argument1, argument2], this);\n\n<h4>Chainable Tween</h4> \nThis tween will wait 0.5s, tween the target's alpha property to 0 over 1s, set it's visible to false, then call the\n<code>onComplete</code> function.\n\n\t    target.alpha = 1;\n\t    Tween.get(target).wait(500).to({alpha:0, visible:false}, 1000).call(onComplete);\n\t    function onComplete() {\n\t    \t//Tween complete\n\t    }"
        }
    },
    "classes": {
        "EventDispatcher": {
            "name": "EventDispatcher",
            "shortname": "EventDispatcher",
            "classitems": [],
            "plugins": [],
            "extensions": [],
            "plugin_for": [],
            "extension_for": [],
            "module": "TweenJS",
            "file": "../src/easeljs/events/EventDispatcher.js",
            "line": 34,
            "description": "The EventDispatcher provides methods for managing prioritized queues of event listeners and dispatching events. All\n{{#crossLink \"DisplayObject\"}}{{/crossLink}} classes dispatch events, as well as some of the utilities like {{#crossLink \"Ticker\"}}{{/crossLink}}.\n\nYou can either extend this class or mix its methods into an existing prototype or instance by using the\nEventDispatcher {{#crossLink \"EventDispatcher/initialize\"}}{{/crossLink}} method.\n\n<h4>Example</h4>\nAdd EventDispatcher capabilities to the \"MyClass\" class.\n\n     EventDispatcher.initialize(MyClass.prototype);\n\nAdd an event (see {{#crossLink \"EventDispatcher/addEventListener\"}}{{/crossLink}}).\n\n     instance.addEventListener(\"eventName\", handlerMethod);\n     function handlerMethod(event) {\n         console.log(event.target + \" Was Clicked\");\n     }\n\n<b>Maintaining proper scope</b><br />\nWhen using EventDispatcher in a class, you may need to use <code>Function.bind</code> or another approach to\nmaintain you method scope. Note that Function.bind is not supported in some older browsers.\n\n     instance.addEventListener(\"click\", handleClick.bind(this));\n     function handleClick(event) {\n         console.log(\"Method called in scope: \" + this);\n     }\n\nPlease note that currently, EventDispatcher does not support event priority or bubbling. Future versions may add\nsupport for one or both of these features.",
            "is_constructor": 1
        },
        "CSSPlugin": {
            "name": "CSSPlugin",
            "shortname": "CSSPlugin",
            "classitems": [],
            "plugins": [],
            "extensions": [],
            "plugin_for": [],
            "extension_for": [],
            "module": "TweenJS",
            "file": "../src/tweenjs/CSSPlugin.js",
            "line": 33,
            "description": "A TweenJS plugin for working with numeric CSS string properties (ex. top, left). To use simply install after\nTweenJS has loaded:\n\n     createjs.CSSPlugin.install();\n\nYou can adjust the CSS properties it will work with by modifying the <code>cssSuffixMap</code> property. Currently,\nthe top, left, bottom, right, width, height have a \"px\" suffix appended.",
            "is_constructor": 1
        },
        "Ease": {
            "name": "Ease",
            "shortname": "Ease",
            "classitems": [],
            "plugins": [],
            "extensions": [],
            "plugin_for": [],
            "extension_for": [],
            "module": "TweenJS",
            "file": "../src/tweenjs/Ease.js",
            "line": 35,
            "description": "The Ease class provides a collection of easing functions for use with TweenJS. It does not use the standard 4 param\neasing signature. Instead it uses a single param which indicates the current linear ratio (0 to 1) of the tween.\n\nMost methods on Ease can be passed directly as easing functions:\n\n     Tween.get(target).to({x:100}, 500, Ease.linear);\n\nHowever, methods beginning with \"get\" will return an easing function based on parameter values:\n\n     Tween.get(target).to({y:200}, 500, Ease.getPowIn(2.2));\n\nPlease see the <a href=\"http://www.createjs.com/#!/TweenJS/demos/sparkTable\">spark table demo</a> for an overview\nof the different ease types on <a href=\"http://tweenjs.com\">TweenJS.com</a>.\n\n<i>Equations derived from work by Robert Penner.</i>",
            "static": 1
        },
        "MotionGuidePlugin": {
            "name": "MotionGuidePlugin",
            "shortname": "MotionGuidePlugin",
            "classitems": [],
            "plugins": [],
            "extensions": [],
            "plugin_for": [],
            "extension_for": [],
            "module": "TweenJS",
            "file": "../src/tweenjs/MotionGuidePlugin.js",
            "line": 33,
            "description": "A TweenJS plugin for working with motion guides.\n\nTo use, install the plugin after TweenJS has loaded. Next tween the 'guide' property with an object as detailed below.\n\n      createjs.MotionGuidePlugin.install();\n\n<h4>Example</h4>\n\n     // Using a Motion Guide\n\t    Tween.get(target).to({guide:{ path:[0,0, 0,200,200,200, 200,0,0,0] }},7000);\n\t    // Visualizing the line\n\t    graphics.moveTo(0,0).curveTo(0,200,200,200).curveTo(200,0,0,0);\n\nEach path needs pre-computation to ensure there's fast performance. Because of the pre-computation there's no\nbuilt in support for path changes mid tween. These are the Guide Object's properties:<UL>\n     <LI> path: Required, Array : The x/y points used to draw the path with a moveTo and 1 to n curveTo calls.</LI>\n     <LI> start: Optional, 0-1 : Initial position, default 0 except for when continuing along the same path.</LI>\n     <LI> end: Optional, 0-1 : Final position, default 1 if not specified.</LI>\n     <LI> orient: Optional, bool : Set the target's rotation parallel to the curve at its position.</LI>\n</UL>\nGuide objects should not be shared between tweens even if all properties are identical, the library stores\ninformation on these objects in the background and sharing them can cause unexpected behaviour. Values\noutside 0-1 range of tweens will be a \"best guess\" from the appropriate part of the defined curve.",
            "is_constructor": 1
        },
        "SamplePlugin": {
            "name": "SamplePlugin",
            "shortname": "SamplePlugin",
            "classitems": [],
            "plugins": [],
            "extensions": [],
            "plugin_for": [],
            "extension_for": [],
            "module": "TweenJS",
            "file": "../src/tweenjs/SamplePlugin.js",
            "line": 33,
            "description": "A sample TweenJS plugin. This plugin does not actually affect tweens in any way, it's merely intended to document\nhow to build TweenJS plugins. Please look at the code for inline comments.\n\nA TweenJS plugin is simply an object that exposes one property (priority), and three methods (init, step, and tween).\nGenerally a plugin will also expose an <code>install</code> method as well, though this is not strictly necessary.",
            "is_constructor": 1
        },
        "Timeline": {
            "name": "Timeline",
            "shortname": "Timeline",
            "classitems": [],
            "plugins": [],
            "extensions": [],
            "plugin_for": [],
            "extension_for": [],
            "module": "TweenJS",
            "file": "../src/tweenjs/Timeline.js",
            "line": 34,
            "description": "The Timeline class synchronizes multiple tweens and allows them to be controlled as a group. Please note that if a\ntimeline is looping, the tweens on it may appear to loop even if the \"loop\" property of the tween is false.",
            "params": [
                {
                    "name": "tweens",
                    "description": "An array of Tweens to add to this timeline. See addTween for more info."
                },
                {
                    "name": "labels",
                    "description": "An object defining labels for using gotoAndPlay/Stop. See }{{/crossLink}}\nfor details.",
                    "type": "#crossLink \"Timeline/setLabels\""
                },
                {
                    "name": "props",
                    "description": "The configuration properties to apply to this tween instance (ex. ). All properties default to\nfalse. Supported props are:<UL>\n   <LI> loop: sets the loop property on this tween.</LI>\n   <LI> useTicks: uses ticks for all durations instead of milliseconds.</LI>\n   <LI> ignoreGlobalPause: sets the ignoreGlobalPause property on this tween.</LI>\n   <LI> paused: indicates whether to start the tween paused.</LI>\n   <LI> position: indicates the initial position for this timeline.</LI>\n   <LI> onChanged: specifies an onChange handler for this timeline.</LI>\n</UL>",
                    "type": "Loop:true"
                }
            ],
            "is_constructor": 1
        },
        "Tween": {
            "name": "Tween",
            "shortname": "Tween",
            "classitems": [],
            "plugins": [],
            "extensions": [],
            "plugin_for": [],
            "extension_for": [],
            "module": "TweenJS",
            "namespace": "",
            "file": "../src/tweenjs/Tween.js",
            "line": 71,
            "description": "A Tween instance tweens properties for a single target. Instance methods can be chained for easy construction and sequencing:\n\n<h4>Example</h4>\n\n     target.alpha = 1;\n\t    Tween.get(target)\n\t         .wait(500)\n\t         .to({alpha:0, visible:false}, 1000)\n\t         .call(onComplete);\n\t    function onComplete() {\n\t    \t//Tween complete\n\t    }\n\nMultiple tweens can point to the same instance, however if they affect the same properties there could be unexpected\nbehaviour. To stop all tweens on an object, use {{#crossLink \"Tween/removeTweens\"}}{{/crossLink}} or pass <code>override:true</code>\nin the props argument.\n\n     Tween.get(target, {override:true}).to({x:100});\n\nSubscribe to the \"change\" event to get notified when a property of the target is changed.\n\n     Tween.get(target, {override:true}).to({x:100}).addEventListener(\"change\", handleChange);\n     function handleChange(event) {\n         // The tween changed.\n     }\n\nSee the Tween {{#crossLink \"Tween/get\"}}{{/crossLink}} method for additional param documentation.",
            "is_constructor": 1
        },
        "TweenJS": {
            "name": "TweenJS",
            "shortname": "TweenJS",
            "classitems": [],
            "plugins": [],
            "extensions": [],
            "plugin_for": [],
            "extension_for": [],
            "module": "TweenJS",
            "namespace": "",
            "file": "../src/tweenjs/version.js",
            "line": 3,
            "description": "Static class holding library specific information such as the version and buildDate of\nthe library."
        }
    },
    "classitems": [
        {
            "file": "../src/easeljs/events/EventDispatcher.js",
            "line": 74,
            "description": "Static initializer to mix in EventDispatcher methods.",
            "itemtype": "method",
            "name": "initialize",
            "static": 1,
            "params": [
                {
                    "name": "target",
                    "description": "The target object to inject EventDispatcher methods into. This can be an instance or a\nprototype.",
                    "type": "Object"
                }
            ],
            "class": "EventDispatcher"
        },
        {
            "file": "../src/easeljs/events/EventDispatcher.js",
            "line": 90,
            "access": "protected",
            "tagname": "",
            "itemtype": "property",
            "name": "_listeners",
            "type": "Object",
            "class": "EventDispatcher"
        },
        {
            "file": "../src/easeljs/events/EventDispatcher.js",
            "line": 98,
            "description": "Initialization method.",
            "itemtype": "method",
            "name": "initialize",
            "access": "protected",
            "tagname": "",
            "class": "EventDispatcher"
        },
        {
            "file": "../src/easeljs/events/EventDispatcher.js",
            "line": 106,
            "description": "Adds the specified event listener.",
            "itemtype": "method",
            "name": "addEventListener",
            "params": [
                {
                    "name": "type",
                    "description": "The string type of the event.",
                    "type": "String"
                },
                {
                    "name": "listener",
                    "description": "An object with a handleEvent method, or a function that will be called when\nthe event is dispatched.",
                    "type": "Function | Object"
                }
            ],
            "return": {
                "description": "Returns the listener for chaining or assignment.",
                "type": "Function | Object"
            },
            "class": "EventDispatcher"
        },
        {
            "file": "../src/easeljs/events/EventDispatcher.js",
            "line": 124,
            "description": "Removes the specified event listener.",
            "itemtype": "method",
            "name": "removeEventListener",
            "params": [
                {
                    "name": "type",
                    "description": "The string type of the event.",
                    "type": "String"
                },
                {
                    "name": "listener",
                    "description": "The listener function or object.",
                    "type": "Function | Object"
                }
            ],
            "class": "EventDispatcher"
        },
        {
            "file": "../src/easeljs/events/EventDispatcher.js",
            "line": 144,
            "description": "Removes all listeners for the specified type, or all listeners of all types.",
            "itemtype": "method",
            "name": "removeAllEventListeners",
            "params": [
                {
                    "name": "type",
                    "description": "The string type of the event. If omitted, all listeners for all types will be removed.",
                    "type": "String",
                    "optional": true
                }
            ],
            "class": "EventDispatcher"
        },
        {
            "file": "../src/easeljs/events/EventDispatcher.js",
            "line": 154,
            "description": "Dispatches the specified event.",
            "itemtype": "method",
            "name": "dispatchEvent",
            "params": [
                {
                    "name": "eventObj",
                    "description": "An object with a \"type\" property, or a string type. If a string is used,\ndispatchEvent will contstruct a generic event object with \"type\" and \"params\" properties.",
                    "type": "Object | String"
                },
                {
                    "name": "target",
                    "description": "The object to use as the target property of the event object. This will default to the\ndispatching object.",
                    "type": "Object",
                    "optional": true
                }
            ],
            "return": {
                "description": "Returns true if any listener returned true.",
                "type": "Boolean"
            },
            "class": "EventDispatcher"
        },
        {
            "file": "../src/easeljs/events/EventDispatcher.js",
            "line": 180,
            "description": "Indicates whether there is at least one listener for the specified event type.",
            "itemtype": "method",
            "name": "hasEventListener",
            "params": [
                {
                    "name": "type",
                    "description": "The string type of the event.",
                    "type": "String"
                }
            ],
            "return": {
                "description": "Returns true if there is at least one listener for the specified event.",
                "type": "Boolean"
            },
            "class": "EventDispatcher"
        },
        {
            "file": "../src/easeljs/events/EventDispatcher.js",
            "line": 191,
            "itemtype": "method",
            "name": "toString",
            "return": {
                "description": "a string representation of the instance.",
                "type": "String"
            },
            "class": "EventDispatcher"
        },
        {
            "file": "../src/tweenjs/CSSPlugin.js",
            "line": 49,
            "description": "Defines the default suffix map for CSS tweens. This can be overridden on a per tween basis by specifying a\ncssSuffixMap value for the individual tween. The object maps CSS property names to the suffix to use when\nreading or setting those properties. For example a map in the form {top:\"px\"} specifies that when tweening\nthe \"top\" CSS property, it should use the \"px\" suffix (ex. target.style.top = \"20.5px\"). This only applies\nto tweens with the \"css\" config property set to true.",
            "itemtype": "property",
            "name": "cssSuffixMap",
            "type": "Object",
            "static": 1,
            "class": "CSSPlugin"
        },
        {
            "file": "../src/tweenjs/CSSPlugin.js",
            "line": 61,
            "itemtype": "property",
            "name": "priority",
            "access": "protected",
            "tagname": "",
            "static": 1,
            "class": "CSSPlugin"
        },
        {
            "file": "../src/tweenjs/CSSPlugin.js",
            "line": 68,
            "description": "Installs this plugin for use with TweenJS. Call this once after TweenJS is loaded to enable this plugin.",
            "itemtype": "method",
            "name": "install",
            "static": 1,
            "class": "CSSPlugin"
        },
        {
            "file": "../src/tweenjs/CSSPlugin.js",
            "line": 80,
            "itemtype": "method",
            "name": "init",
            "access": "protected",
            "tagname": "",
            "static": 1,
            "class": "CSSPlugin"
        },
        {
            "file": "../src/tweenjs/CSSPlugin.js",
            "line": 98,
            "itemtype": "method",
            "name": "step",
            "access": "protected",
            "tagname": "",
            "static": 1,
            "class": "CSSPlugin"
        },
        {
            "file": "../src/tweenjs/CSSPlugin.js",
            "line": 108,
            "itemtype": "method",
            "name": "tween",
            "access": "protected",
            "tagname": "",
            "static": 1,
            "class": "CSSPlugin"
        },
        {
            "file": "../src/tweenjs/Ease.js",
            "line": 59,
            "itemtype": "method",
            "name": "linear",
            "static": 1,
            "class": "Ease"
        },
        {
            "file": "../src/tweenjs/Ease.js",
            "line": 65,
            "description": "Identical to linear.",
            "itemtype": "method",
            "name": "none",
            "static": 1,
            "class": "Ease"
        },
        {
            "file": "../src/tweenjs/Ease.js",
            "line": 72,
            "description": "Mimics the simple -100 to 100 easing in Flash Pro.",
            "itemtype": "method",
            "name": "get",
            "params": [
                {
                    "name": "amount",
                    "description": "A value from -1 (ease in) to 1 (ease out) indicating the strength and direction of the ease."
                }
            ],
            "static": 1,
            "class": "Ease"
        },
        {
            "file": "../src/tweenjs/Ease.js",
            "line": 88,
            "description": "Configurable exponential ease.",
            "itemtype": "method",
            "name": "getPowIn",
            "params": [
                {
                    "name": "pow",
                    "description": "The exponent to use (ex. 3 would return a cubic ease)."
                }
            ],
            "static": 1,
            "class": "Ease"
        },
        {
            "file": "../src/tweenjs/Ease.js",
            "line": 101,
            "description": "Configurable exponential ease.",
            "itemtype": "method",
            "name": "getPowOut",
            "params": [
                {
                    "name": "pow",
                    "description": "The exponent to use (ex. 3 would return a cubic ease)."
                }
            ],
            "static": 1,
            "class": "Ease"
        },
        {
            "file": "../src/tweenjs/Ease.js",
            "line": 114,
            "description": "Configurable exponential ease.",
            "itemtype": "method",
            "name": "getPowInOut",
            "params": [
                {
                    "name": "pow",
                    "description": "The exponent to use (ex. 3 would return a cubic ease)."
                }
            ],
            "static": 1,
            "class": "Ease"
        },
        {
            "file": "../src/tweenjs/Ease.js",
            "line": 128,
            "itemtype": "method",
            "name": "quadIn",
            "static": 1,
            "class": "Ease"
        },
        {
            "file": "../src/tweenjs/Ease.js",
            "line": 133,
            "itemtype": "method",
            "name": "quadOut",
            "static": 1,
            "class": "Ease"
        },
        {
            "file": "../src/tweenjs/Ease.js",
            "line": 138,
            "itemtype": "method",
            "name": "quadInOut",
            "static": 1,
            "class": "Ease"
        },
        {
            "file": "../src/tweenjs/Ease.js",
            "line": 145,
            "itemtype": "method",
            "name": "cubicIn",
            "static": 1,
            "class": "Ease"
        },
        {
            "file": "../src/tweenjs/Ease.js",
            "line": 150,
            "itemtype": "method",
            "name": "cubicOut",
            "static": 1,
            "class": "Ease"
        },
        {
            "file": "../src/tweenjs/Ease.js",
            "line": 155,
            "itemtype": "method",
            "name": "cubicInOut",
            "static": 1,
            "class": "Ease"
        },
        {
            "file": "../src/tweenjs/Ease.js",
            "line": 162,
            "itemtype": "method",
            "name": "quartIn",
            "static": 1,
            "class": "Ease"
        },
        {
            "file": "../src/tweenjs/Ease.js",
            "line": 167,
            "itemtype": "method",
            "name": "quartOut",
            "static": 1,
            "class": "Ease"
        },
        {
            "file": "../src/tweenjs/Ease.js",
            "line": 172,
            "itemtype": "method",
            "name": "quartInOut",
            "static": 1,
            "class": "Ease"
        },
        {
            "file": "../src/tweenjs/Ease.js",
            "line": 179,
            "itemtype": "method",
            "name": "quintIn",
            "static": 1,
            "class": "Ease"
        },
        {
            "file": "../src/tweenjs/Ease.js",
            "line": 184,
            "itemtype": "method",
            "name": "quintOut",
            "static": 1,
            "class": "Ease"
        },
        {
            "file": "../src/tweenjs/Ease.js",
            "line": 189,
            "itemtype": "method",
            "name": "quintInOut",
            "static": 1,
            "class": "Ease"
        },
        {
            "file": "../src/tweenjs/Ease.js",
            "line": 196,
            "itemtype": "method",
            "name": "sineIn",
            "static": 1,
            "class": "Ease"
        },
        {
            "file": "../src/tweenjs/Ease.js",
            "line": 204,
            "itemtype": "method",
            "name": "sineOut",
            "static": 1,
            "class": "Ease"
        },
        {
            "file": "../src/tweenjs/Ease.js",
            "line": 212,
            "itemtype": "method",
            "name": "sineInOut",
            "static": 1,
            "class": "Ease"
        },
        {
            "file": "../src/tweenjs/Ease.js",
            "line": 221,
            "description": "Configurable \"back in\" ease.",
            "itemtype": "method",
            "name": "getBackIn",
            "params": [
                {
                    "name": "amount",
                    "description": "The strength of the ease."
                }
            ],
            "static": 1,
            "class": "Ease"
        },
        {
            "file": "../src/tweenjs/Ease.js",
            "line": 232,
            "itemtype": "method",
            "name": "backIn",
            "static": 1,
            "class": "Ease"
        },
        {
            "file": "../src/tweenjs/Ease.js",
            "line": 238,
            "description": "Configurable \"back out\" ease.",
            "itemtype": "method",
            "name": "getBackOut",
            "params": [
                {
                    "name": "amount",
                    "description": "The strength of the ease."
                }
            ],
            "static": 1,
            "class": "Ease"
        },
        {
            "file": "../src/tweenjs/Ease.js",
            "line": 249,
            "itemtype": "method",
            "name": "backOut",
            "static": 1,
            "class": "Ease"
        },
        {
            "file": "../src/tweenjs/Ease.js",
            "line": 255,
            "description": "Configurable \"back in out\" ease.",
            "itemtype": "method",
            "name": "getBackInOut",
            "params": [
                {
                    "name": "amount",
                    "description": "The strength of the ease."
                }
            ],
            "static": 1,
            "class": "Ease"
        },
        {
            "file": "../src/tweenjs/Ease.js",
            "line": 268,
            "itemtype": "method",
            "name": "backInOut",
            "static": 1,
            "class": "Ease"
        },
        {
            "file": "../src/tweenjs/Ease.js",
            "line": 275,
            "itemtype": "method",
            "name": "circIn",
            "static": 1,
            "class": "Ease"
        },
        {
            "file": "../src/tweenjs/Ease.js",
            "line": 283,
            "itemtype": "method",
            "name": "circOut",
            "static": 1,
            "class": "Ease"
        },
        {
            "file": "../src/tweenjs/Ease.js",
            "line": 291,
            "itemtype": "method",
            "name": "circInOut",
            "static": 1,
            "class": "Ease"
        },
        {
            "file": "../src/tweenjs/Ease.js",
            "line": 300,
            "itemtype": "method",
            "name": "bounceIn",
            "static": 1,
            "class": "Ease"
        },
        {
            "file": "../src/tweenjs/Ease.js",
            "line": 308,
            "itemtype": "method",
            "name": "bounceOut",
            "static": 1,
            "class": "Ease"
        },
        {
            "file": "../src/tweenjs/Ease.js",
            "line": 324,
            "itemtype": "method",
            "name": "bounceInOut",
            "static": 1,
            "class": "Ease"
        },
        {
            "file": "../src/tweenjs/Ease.js",
            "line": 334,
            "description": "Configurable elastic ease.",
            "itemtype": "method",
            "name": "getElasticIn",
            "params": [
                {
                    "name": "amplitude",
                    "description": ""
                },
                {
                    "name": "period",
                    "description": ""
                }
            ],
            "static": 1,
            "class": "Ease"
        },
        {
            "file": "../src/tweenjs/Ease.js",
            "line": 349,
            "itemtype": "method",
            "name": "elasticIn",
            "static": 1,
            "class": "Ease"
        },
        {
            "file": "../src/tweenjs/Ease.js",
            "line": 355,
            "description": "Configurable elastic ease.",
            "itemtype": "method",
            "name": "getElasticOut",
            "params": [
                {
                    "name": "amplitude",
                    "description": ""
                },
                {
                    "name": "period",
                    "description": ""
                }
            ],
            "static": 1,
            "class": "Ease"
        },
        {
            "file": "../src/tweenjs/Ease.js",
            "line": 370,
            "itemtype": "method",
            "name": "elasticOut",
            "static": 1,
            "class": "Ease"
        },
        {
            "file": "../src/tweenjs/Ease.js",
            "line": 376,
            "description": "Configurable elastic ease.",
            "itemtype": "method",
            "name": "getElasticInOut",
            "params": [
                {
                    "name": "amplitude",
                    "description": ""
                },
                {
                    "name": "period",
                    "description": ""
                }
            ],
            "static": 1,
            "class": "Ease"
        },
        {
            "file": "../src/tweenjs/Ease.js",
            "line": 391,
            "itemtype": "method",
            "name": "elasticInOut",
            "static": 1,
            "class": "Ease"
        },
        {
            "file": "../src/tweenjs/MotionGuidePlugin.js",
            "line": 66,
            "itemtype": "property",
            "name": "priority",
            "access": "protected",
            "tagname": "",
            "static": 1,
            "class": "MotionGuidePlugin"
        },
        {
            "file": "../src/tweenjs/MotionGuidePlugin.js",
            "line": 73,
            "description": "Installs this plugin for use with TweenJS. Call this once after TweenJS is loaded to enable this plugin.",
            "itemtype": "method",
            "name": "install",
            "static": 1,
            "class": "MotionGuidePlugin"
        },
        {
            "file": "../src/tweenjs/MotionGuidePlugin.js",
            "line": 83,
            "itemtype": "method",
            "name": "init",
            "access": "protected",
            "tagname": "",
            "static": 1,
            "class": "MotionGuidePlugin"
        },
        {
            "file": "../src/tweenjs/MotionGuidePlugin.js",
            "line": 96,
            "itemtype": "method",
            "name": "step",
            "access": "protected",
            "tagname": "",
            "static": 1,
            "class": "MotionGuidePlugin"
        },
        {
            "file": "../src/tweenjs/MotionGuidePlugin.js",
            "line": 147,
            "itemtype": "method",
            "name": "tween",
            "access": "protected",
            "tagname": "",
            "static": 1,
            "class": "MotionGuidePlugin"
        },
        {
            "file": "../src/tweenjs/MotionGuidePlugin.js",
            "line": 166,
            "description": "Determine the appropriate x/y/rotation information about a path for a given ratio along the path.\nAssumes a path object with all optional parameters specified.",
            "params": [
                {
                    "name": "data",
                    "description": "Data object you would pass to the \"guide:\" property in a Tween"
                },
                {
                    "name": "ratio",
                    "description": "0-1 Distance along path, values outside 0-1 are \"best guess\""
                },
                {
                    "name": "target",
                    "description": "Object to copy the results onto, will use a new object if not supplied."
                }
            ],
            "return": {
                "description": "The target object or a new object w/ the tweened properties",
                "type": "Object"
            },
            "static": 1,
            "class": "MotionGuidePlugin"
        },
        {
            "file": "../src/tweenjs/SamplePlugin.js",
            "line": 47,
            "description": "Used by TweenJS to determine when to call this plugin. Plugins with higher priority have their methods called\nbefore plugins with lower priority. The priority value can be any positive or negative number.",
            "itemtype": "property",
            "name": "priority",
            "static": 1,
            "class": "SamplePlugin"
        },
        {
            "file": "../src/tweenjs/SamplePlugin.js",
            "line": 55,
            "description": "Installs this plugin for use with TweenJS, and registers for a list of properties that this plugin will operate\nwith. Call this once after TweenJS is loaded to enable this plugin.",
            "itemtype": "method",
            "name": "install",
            "static": 1,
            "class": "SamplePlugin"
        },
        {
            "file": "../src/tweenjs/SamplePlugin.js",
            "line": 66,
            "description": "Called by TweenJS when a new tween property initializes that this plugin is registered for. Generally, the call\nto <code>Plugin.init</code> will be immediately followed by a call to <code>Plugin.to</code>.",
            "itemtype": "method",
            "name": "init",
            "params": [
                {
                    "name": "tween",
                    "description": "The related tween instance.",
                    "type": "Tween"
                },
                {
                    "name": "prop",
                    "description": "The name of the property that is being initialized.",
                    "type": "String"
                },
                {
                    "name": "value",
                    "description": "The current value of the property on the tween's target.",
                    "type": "Any"
                }
            ],
            "return": {
                "description": "The starting tween value for the property. In most cases, you would simply\nreturn the value parameter, but some plugins may need to modify the starting value.",
                "type": "Any"
            },
            "static": 1,
            "class": "SamplePlugin"
        },
        {
            "file": "../src/tweenjs/SamplePlugin.js",
            "line": 84,
            "description": "Called by TweenJS when a new step is added to a tween that includes a property the plugin is registered for (ie.\na new \"to\" action is added to a tween).",
            "itemtype": "method",
            "name": "init",
            "params": [
                {
                    "name": "tween",
                    "description": "The related tween instance.",
                    "type": "Tween"
                },
                {
                    "name": "prop",
                    "description": "The name of the property being tweened.",
                    "type": "String"
                },
                {
                    "name": "startValue",
                    "description": "The value of the property at the beginning of the step. This will\nbe the same as the init value if this is the first step, or the same as the\nendValue of the previous step if not.",
                    "type": "Any"
                },
                {
                    "name": "injectProps",
                    "description": "A generic object to which the plugin can append other properties which should be updated on this step.",
                    "type": "Object"
                },
                {
                    "name": "endValue",
                    "description": "The value of the property at the end of the step.",
                    "type": "Any"
                }
            ],
            "static": 1,
            "class": "SamplePlugin"
        },
        {
            "file": "../src/tweenjs/SamplePlugin.js",
            "line": 101,
            "description": "Called when a tween property advances that this plugin is registered for.",
            "itemtype": "method",
            "name": "tween",
            "params": [
                {
                    "name": "tween",
                    "description": "The related tween instance.",
                    "type": "Tween"
                },
                {
                    "name": "prop",
                    "description": "The name of the property being tweened.",
                    "type": "String"
                },
                {
                    "name": "value",
                    "description": "The current tweened value of the property, as calculated by TweenJS.",
                    "type": "Any"
                },
                {
                    "name": "startValues",
                    "description": "A hash of all of the property values at the start of the current\nstep. You could access the start value of the current property using\nstartValues[prop].",
                    "type": "Object"
                },
                {
                    "name": "endValues",
                    "description": "A hash of all of the property values at the end of the current\nstep.",
                    "type": "Object"
                },
                {
                    "name": "ratio",
                    "description": "A value indicating the eased progress through the current step. This\nnumber is generally between 0 and 1, though some eases will generate values outside\nthis range.",
                    "type": "Number"
                },
                {
                    "name": "wait",
                    "description": "Indicates whether the current step is a \"wait\" step.",
                    "type": "Boolean"
                },
                {
                    "name": "end",
                    "description": "Indicates that the tween has reached the end.",
                    "type": "Boolean"
                }
            ],
            "return": {
                "description": "Return the value that should be assigned to the target property. For example\nreturning <code>Math.round(value)</code> would assign the default calculated value\nas an integer. Returning Tween.IGNORE will prevent Tween from assigning a value to\nthe target property.",
                "type": "Any"
            },
            "static": 1,
            "class": "SamplePlugin"
        },
        {
            "file": "../src/tweenjs/Timeline.js",
            "line": 59,
            "description": "Causes this timeline to continue playing when a global pause is active.",
            "itemtype": "property",
            "name": "ignoreGlobalPause",
            "type": "Boolean",
            "class": "Timeline"
        },
        {
            "file": "../src/tweenjs/Timeline.js",
            "line": 66,
            "description": "Read-only property specifying the total duration of this timeline in milliseconds (or ticks if useTicks is true).\nThis value is usually automatically updated as you modify the timeline. See updateDuration for more information.",
            "itemtype": "property",
            "name": "duration",
            "type": "Number",
            "class": "Timeline"
        },
        {
            "file": "../src/tweenjs/Timeline.js",
            "line": 74,
            "description": "If true, the timeline will loop when it reaches the end. Can be set via the props param.",
            "itemtype": "property",
            "name": "loop",
            "type": "Boolean",
            "class": "Timeline"
        },
        {
            "file": "../src/tweenjs/Timeline.js",
            "line": 81,
            "description": "Called, with a single parameter referencing this timeline instance, whenever the timeline's position changes.",
            "itemtype": "property",
            "name": "onChange",
            "type": "Function",
            "class": "Timeline"
        },
        {
            "file": "../src/tweenjs/Timeline.js",
            "line": 88,
            "description": "Read-only. The current normalized position of the timeline. This will always be a value between 0 and duration.\nChanging this property directly will have no effect.",
            "itemtype": "property",
            "name": "position",
            "type": "Object",
            "class": "Timeline"
        },
        {
            "file": "../src/tweenjs/Timeline.js",
            "line": 98,
            "itemtype": "property",
            "name": "_paused",
            "type": "Boolean",
            "access": "protected",
            "tagname": "",
            "class": "Timeline"
        },
        {
            "file": "../src/tweenjs/Timeline.js",
            "line": 105,
            "itemtype": "property",
            "name": "_tweens",
            "type": "Array[Tween]",
            "access": "protected",
            "tagname": "",
            "class": "Timeline"
        },
        {
            "file": "../src/tweenjs/Timeline.js",
            "line": 112,
            "itemtype": "property",
            "name": "_labels",
            "type": "Array[String]",
            "access": "protected",
            "tagname": "",
            "class": "Timeline"
        },
        {
            "file": "../src/tweenjs/Timeline.js",
            "line": 119,
            "itemtype": "property",
            "name": "_prevPosition",
            "type": "Number",
            "access": "protected",
            "tagname": "",
            "class": "Timeline"
        },
        {
            "file": "../src/tweenjs/Timeline.js",
            "line": 126,
            "itemtype": "property",
            "name": "_prevPos",
            "type": "Number",
            "access": "protected",
            "tagname": "",
            "class": "Timeline"
        },
        {
            "file": "../src/tweenjs/Timeline.js",
            "line": 133,
            "itemtype": "property",
            "name": "_useTicks",
            "type": "Boolean",
            "access": "protected",
            "tagname": "",
            "class": "Timeline"
        },
        {
            "file": "../src/tweenjs/Timeline.js",
            "line": 141,
            "description": "Initialization method.",
            "itemtype": "method",
            "name": "initialize",
            "access": "protected",
            "tagname": "",
            "class": "Timeline"
        },
        {
            "file": "../src/tweenjs/Timeline.js",
            "line": 162,
            "description": "Adds one or more tweens (or timelines) to this timeline. The tweens will be paused (to remove them from the normal ticking system)\nand managed by this timeline. Adding a tween to multiple timelines will result in unexpected behaviour.",
            "itemtype": "method",
            "name": "addTween",
            "params": [
                {
                    "name": "tween",
                    "description": "The tween(s) to add. Accepts multiple arguments."
                }
            ],
            "return": {
                "description": "Tween The first tween that was passed in."
            },
            "class": "Timeline"
        },
        {
            "file": "../src/tweenjs/Timeline.js",
            "line": 185,
            "description": "Removes one or more tweens from this timeline.",
            "itemtype": "method",
            "name": "removeTween",
            "params": [
                {
                    "name": "tween",
                    "description": "The tween(s) to remove. Accepts multiple arguments."
                }
            ],
            "return": {
                "description": "Boolean Returns true if all of the tweens were successfully removed."
            },
            "class": "Timeline"
        },
        {
            "file": "../src/tweenjs/Timeline.js",
            "line": 206,
            "description": "Adds a label that can be used with gotoAndPlay/Stop.",
            "itemtype": "method",
            "name": "addLabel",
            "params": [
                {
                    "name": "label",
                    "description": "The label name."
                },
                {
                    "name": "position",
                    "description": "The position this label represents."
                }
            ],
            "class": "Timeline"
        },
        {
            "file": "../src/tweenjs/Timeline.js",
            "line": 216,
            "description": "Defines labels for use with gotoAndPlay/Stop. Overwrites any previously set labels.",
            "itemtype": "method",
            "name": "addLabel",
            "params": [
                {
                    "name": "o",
                    "description": "An object defining labels for using gotoAndPlay/Stop in the form  where time is in ms (or ticks if useTicks is true).",
                    "type": "LabelName:time"
                }
            ],
            "class": "Timeline"
        },
        {
            "file": "../src/tweenjs/Timeline.js",
            "line": 225,
            "description": "Unpauses this timeline and jumps to the specified position or label.",
            "itemtype": "method",
            "name": "gotoAndPlay",
            "params": [
                {
                    "name": "positionOrLabel",
                    "description": "The position in milliseconds (or ticks if useTicks is true) or label to jump to."
                }
            ],
            "class": "Timeline"
        },
        {
            "file": "../src/tweenjs/Timeline.js",
            "line": 235,
            "description": "Pauses this timeline and jumps to the specified position or label.",
            "itemtype": "method",
            "name": "gotoAndStop",
            "params": [
                {
                    "name": "positionOrLabel",
                    "description": "The position in milliseconds (or ticks if useTicks is true) or label to jump to."
                }
            ],
            "class": "Timeline"
        },
        {
            "file": "../src/tweenjs/Timeline.js",
            "line": 245,
            "description": "Advances the timeline to the specified position.",
            "itemtype": "method",
            "name": "setPosition",
            "params": [
                {
                    "name": "value",
                    "description": "The position to seek to in milliseconds (or ticks if useTicks is true)."
                },
                {
                    "name": "actionsMode",
                    "description": "Optional parameter specifying how actions are handled. See Tween.setPosition for more details."
                }
            ],
            "return": {
                "description": "Boolean Returns true if the timeline is complete (ie. the full timeline has run & loop is false)."
            },
            "class": "Timeline"
        },
        {
            "file": "../src/tweenjs/Timeline.js",
            "line": 268,
            "description": "Pauses or plays this timeline.",
            "itemtype": "method",
            "name": "setPaused",
            "params": [
                {
                    "name": "value",
                    "description": "Indicates whether the tween should be paused (true) or played (false)."
                }
            ],
            "class": "Timeline"
        },
        {
            "file": "../src/tweenjs/Timeline.js",
            "line": 278,
            "description": "Recalculates the duration of the timeline.\nThe duration is automatically updated when tweens are added or removed, but this method is useful \nif you modify a tween after it was added to the timeline.",
            "itemtype": "method",
            "name": "updateDuration",
            "class": "Timeline"
        },
        {
            "file": "../src/tweenjs/Timeline.js",
            "line": 292,
            "description": "Advances this timeline by the specified amount of time in milliseconds (or ticks if useTicks is true).\nThis is normally called automatically by the Tween engine (via Tween.tick), but is exposed for advanced uses.",
            "itemtype": "method",
            "name": "tick",
            "params": [
                {
                    "name": "delta",
                    "description": "The time to advance in milliseconds (or ticks if useTicks is true)."
                }
            ],
            "class": "Timeline"
        },
        {
            "file": "../src/tweenjs/Timeline.js",
            "line": 302,
            "description": "If a numeric position is passed, it is returned unchanged. If a string is passed, the position of the\ncorresponding frame label will be returned, or null if a matching label is not defined.",
            "itemtype": "method",
            "name": "resolve",
            "params": [
                {
                    "name": "positionOrLabel",
                    "description": "A numeric position value or label string."
                }
            ],
            "class": "Timeline"
        },
        {
            "file": "../src/tweenjs/Timeline.js",
            "line": 314,
            "description": "Returns a string representation of this object.",
            "itemtype": "method",
            "name": "toString",
            "return": {
                "description": "a string representation of the instance.",
                "type": "String"
            },
            "class": "Timeline"
        },
        {
            "file": "../src/tweenjs/Timeline.js",
            "line": 323,
            "itemtype": "method",
            "name": "clone",
            "access": "protected",
            "tagname": "",
            "class": "Timeline"
        },
        {
            "file": "../src/tweenjs/Timeline.js",
            "line": 332,
            "itemtype": "method",
            "name": "_goto",
            "access": "protected",
            "tagname": "",
            "class": "Timeline"
        },
        {
            "file": "../src/tweenjs/Tween.js",
            "line": 108,
            "description": "Constant defining the none actionsMode for use with setPosition.",
            "itemtype": "property",
            "name": "NONE",
            "type": "Number",
            "default": "0",
            "static": 1,
            "class": "Tween",
            "module": "TweenJS"
        },
        {
            "file": "../src/tweenjs/Tween.js",
            "line": 117,
            "description": "Constant defining the loop actionsMode for use with setPosition.",
            "itemtype": "property",
            "name": "LOOP",
            "type": "Number",
            "default": "1",
            "static": 1,
            "class": "Tween",
            "module": "TweenJS"
        },
        {
            "file": "../src/tweenjs/Tween.js",
            "line": 126,
            "description": "Constant defining the reverse actionsMode for use with setPosition.",
            "itemtype": "property",
            "name": "REVERSE",
            "type": "Number",
            "default": "2",
            "static": 1,
            "class": "Tween",
            "module": "TweenJS"
        },
        {
            "file": "../src/tweenjs/Tween.js",
            "line": 135,
            "description": "Constant returned by plugins to tell the tween not to use default assignment.",
            "itemtype": "property",
            "name": "IGNORE",
            "type": "Object",
            "static": 1,
            "class": "Tween",
            "module": "TweenJS"
        },
        {
            "file": "../src/tweenjs/Tween.js",
            "line": 143,
            "itemtype": "property",
            "name": "_listeners",
            "type": "Array[Tween]",
            "static": 1,
            "access": "protected",
            "tagname": "",
            "class": "Tween",
            "module": "TweenJS"
        },
        {
            "file": "../src/tweenjs/Tween.js",
            "line": 151,
            "itemtype": "property",
            "name": "_plugins",
            "type": "Object",
            "static": 1,
            "access": "protected",
            "tagname": "",
            "class": "Tween",
            "module": "TweenJS"
        },
        {
            "file": "../src/tweenjs/Tween.js",
            "line": 159,
            "description": "Returns a new tween instance. This is functionally identical to using \"new Tween(...)\", but looks cleaner\nwith the chained syntax of TweenJS.",
            "example": [
                "\n\tvar tween = createjs.Tween.get(target);"
            ],
            "itemtype": "method",
            "name": "get",
            "static": 1,
            "params": [
                {
                    "name": "target",
                    "description": "The target object that will have its properties tweened.",
                    "type": "Object"
                },
                {
                    "name": "props",
                    "description": "The configuration properties to apply to this tween instance (ex. <code>{loop:true, paused:true}</code>).\nAll properties default to false. Supported props are:<UL>\n   <LI> loop: sets the loop property on this tween.</LI>\n   <LI> useTicks: uses ticks for all durations instead of milliseconds.</LI>\n   <LI> ignoreGlobalPause: sets the ignoreGlobalPause property on this tween.</LI>\n   <LI> override: if true, Tween.removeTweens(target) will be called to remove any other tweens with the same target.\n   <LI> paused: indicates whether to start the tween paused.</LI>\n   <LI> position: indicates the initial position for this tween.</LI>\n   <LI> onChange: specifies an onChange handler for this tween. Note that this is deprecated in favour of the\n   \"change\" event.</LI>\n</UL>",
                    "type": "Object",
                    "optional": true
                },
                {
                    "name": "pluginData",
                    "description": "An object containing data for use by installed plugins. See individual\nplugins' documentation for details.",
                    "type": "Object",
                    "optional": true
                },
                {
                    "name": "override",
                    "description": "If true, any previous tweens on the same target will be removed. This is the same as\ncalling <code>Tween.removeTweens(target)</code>.",
                    "type": "Boolean",
                    "optional": true,
                    "optdefault": "false"
                }
            ],
            "return": {
                "description": "A reference to the created tween. Additional chained tweens, method calls, or callbacks can be\napplied to the returned tween instance.",
                "type": "Tween"
            },
            "class": "Tween",
            "module": "TweenJS"
        },
        {
            "file": "../src/tweenjs/Tween.js",
            "line": 190,
            "description": "Advances all tweens. This typically uses the Ticker class (available in the EaselJS library), but you can call it\nmanually if you prefer to use your own \"heartbeat\" implementation.",
            "itemtype": "method",
            "name": "tick",
            "static": 1,
            "params": [
                {
                    "name": "delta",
                    "description": "The change in time in milliseconds since the last tick. Required unless all tweens have\n<code>useTicks</code> set to true.",
                    "type": "Number"
                },
                {
                    "name": "paused",
                    "description": "Indicates whether a global pause is in effect. Tweens with <code>ignoreGlobalPause</code> will ignore\nthis, but all others will pause if this is true.",
                    "type": "Boolean"
                }
            ],
            "class": "Tween",
            "module": "TweenJS"
        },
        {
            "file": "../src/tweenjs/Tween.js",
            "line": 211,
            "description": "Removes all existing tweens for a target. This is called automatically by new tweens if the <code>override</code>\nproperty is <code>true</code>.",
            "itemtype": "method",
            "name": "removeTweens",
            "params": [
                {
                    "name": "target",
                    "description": "The target object to remove existing tweens from.",
                    "type": "Object"
                }
            ],
            "static": 1,
            "class": "Tween",
            "module": "TweenJS"
        },
        {
            "file": "../src/tweenjs/Tween.js",
            "line": 230,
            "description": "Remove all tweens. This will stop and clean up all existing tweens.",
            "itemtype": "method",
            "name": "removeAllTweens",
            "static": 1,
            "since": "0.4.1",
            "class": "Tween",
            "module": "TweenJS"
        },
        {
            "file": "../src/tweenjs/Tween.js",
            "line": 246,
            "description": "Indicates whether there are any active tweens on the target object (if specified) or in general.",
            "itemtype": "method",
            "name": "hasActiveTweens",
            "static": 1,
            "params": [
                {
                    "name": "target",
                    "description": "Optional. If not specified, the return value will indicate if there are any active tweens\non any target.",
                    "type": "Object"
                }
            ],
            "return": {
                "description": "A boolean indicating whether there are any active tweens.",
                "type": "Boolean"
            },
            "class": "Tween",
            "module": "TweenJS"
        },
        {
            "file": "../src/tweenjs/Tween.js",
            "line": 259,
            "description": "Installs a plugin, which can modify how certain properties are handled when tweened. See the CSSPlugin for an\nexample of how to write TweenJS plugins.",
            "itemtype": "method",
            "name": "installPlugin",
            "static": 1,
            "params": [
                {
                    "name": "plugin",
                    "description": "The plugin class to install",
                    "type": "Object"
                },
                {
                    "name": "properties",
                    "description": "An array of properties that the plugin will handle.",
                    "type": "Array"
                }
            ],
            "class": "Tween",
            "module": "TweenJS"
        },
        {
            "file": "../src/tweenjs/Tween.js",
            "line": 283,
            "description": "Registers or unregisters a tween with the ticking system.",
            "itemtype": "method",
            "name": "_register",
            "static": 1,
            "access": "protected",
            "tagname": "",
            "class": "Tween",
            "module": "TweenJS"
        },
        {
            "file": "../src/tweenjs/Tween.js",
            "line": 314,
            "description": "Causes this tween to continue playing when a global pause is active. For example, if TweenJS is using Ticker,\nthen setting this to true (the default) will cause this tween to be paused when <code>Ticker.setPaused(true)</code> is called.\nSee Tween.tick() for more info. Can be set via the props param.",
            "itemtype": "property",
            "name": "ignoreGlobalPause",
            "type": "Boolean",
            "default": "false",
            "class": "Tween",
            "module": "TweenJS"
        },
        {
            "file": "../src/tweenjs/Tween.js",
            "line": 324,
            "description": "If true, the tween will loop when it reaches the end. Can be set via the props param.",
            "itemtype": "property",
            "name": "loop",
            "type": "{Boolean}",
            "default": "false",
            "class": "Tween",
            "module": "TweenJS"
        },
        {
            "file": "../src/tweenjs/Tween.js",
            "line": 332,
            "description": "Read-only. Specifies the total duration of this tween in milliseconds (or ticks if useTicks is true).\nThis value is automatically updated as you modify the tween. Changing it directly could result in unexpected\nbehaviour.",
            "itemtype": "property",
            "name": "duration",
            "type": "{Number}",
            "default": "0",
            "class": "Tween",
            "module": "TweenJS"
        },
        {
            "file": "../src/tweenjs/Tween.js",
            "line": 342,
            "description": "Allows you to specify data that will be used by installed plugins. Each plugin uses this differently, but in general\nyou specify data by setting it to a property of pluginData with the same name as the plugin class.",
            "example": [
                "\n\tmyTween.pluginData.PluginClassName = data;\n<br/>\nAlso, most plugins support a property to enable or disable them. This is typically the plugin class name followed by \"_enabled\".<br/>",
                " \n\tmyTween.pluginData.PluginClassName_enabled = false;<br/>\n<br/>\nSome plugins also store instance data in this object, usually in a property named _PluginClassName.\nSee the documentation for individual plugins for more details."
            ],
            "itemtype": "property",
            "name": "pluginData",
            "type": "{Object}",
            "class": "Tween",
            "module": "TweenJS"
        },
        {
            "file": "../src/tweenjs/Tween.js",
            "line": 359,
            "description": "Called whenever the tween's position changes with a single parameter referencing this tween instance.",
            "itemtype": "property",
            "name": "onChange",
            "type": "{Function}",
            "class": "Tween",
            "module": "TweenJS"
        },
        {
            "file": "../src/tweenjs/Tween.js",
            "line": 366,
            "description": "Called whenever the tween's position changes with a single parameter referencing this tween instance.",
            "itemtype": "event",
            "name": "change",
            "since": "0.4.0",
            "class": "Tween",
            "module": "TweenJS"
        },
        {
            "file": "../src/tweenjs/Tween.js",
            "line": 373,
            "description": "Read-only. The target of this tween. This is the object on which the tweened properties will be changed. Changing \nthis property after the tween is created will not have any effect.",
            "itemtype": "property",
            "name": "target",
            "type": "{Object}",
            "class": "Tween",
            "module": "TweenJS"
        },
        {
            "file": "../src/tweenjs/Tween.js",
            "line": 381,
            "description": "Read-only. The current normalized position of the tween. This will always be a value between 0 and duration.\nChanging this property directly will have no effect.",
            "itemtype": "property",
            "name": "position",
            "type": "{Object}",
            "class": "Tween",
            "module": "TweenJS"
        },
        {
            "file": "../src/tweenjs/Tween.js",
            "line": 391,
            "itemtype": "property",
            "name": "_paused",
            "type": "{Boolean}",
            "default": "false",
            "access": "protected",
            "tagname": "",
            "class": "Tween",
            "module": "TweenJS"
        },
        {
            "file": "../src/tweenjs/Tween.js",
            "line": 399,
            "itemtype": "property",
            "name": "_curQueueProps",
            "type": "{Object}",
            "access": "protected",
            "tagname": "",
            "class": "Tween",
            "module": "TweenJS"
        },
        {
            "file": "../src/tweenjs/Tween.js",
            "line": 406,
            "itemtype": "property",
            "name": "_initQueueProps",
            "type": "{Object}",
            "access": "protected",
            "tagname": "",
            "class": "Tween",
            "module": "TweenJS"
        },
        {
            "file": "../src/tweenjs/Tween.js",
            "line": 413,
            "itemtype": "property",
            "name": "_steps",
            "type": "{Array}",
            "access": "protected",
            "tagname": "",
            "class": "Tween",
            "module": "TweenJS"
        },
        {
            "file": "../src/tweenjs/Tween.js",
            "line": 420,
            "itemtype": "property",
            "name": "_actions",
            "type": "{Array}",
            "access": "protected",
            "tagname": "",
            "class": "Tween",
            "module": "TweenJS"
        },
        {
            "file": "../src/tweenjs/Tween.js",
            "line": 427,
            "description": "Raw position.",
            "itemtype": "property",
            "name": "_prevPosition",
            "type": "{Number}",
            "default": "0",
            "access": "protected",
            "tagname": "",
            "class": "Tween",
            "module": "TweenJS"
        },
        {
            "file": "../src/tweenjs/Tween.js",
            "line": 436,
            "description": "The position within the current step.",
            "itemtype": "property",
            "name": "_stepPosition",
            "type": "{Number}",
            "default": "0",
            "access": "protected",
            "tagname": "",
            "class": "Tween",
            "module": "TweenJS"
        },
        {
            "file": "../src/tweenjs/Tween.js",
            "line": 445,
            "description": "Normalized position.",
            "itemtype": "property",
            "name": "_prevPos",
            "type": "{Number}",
            "default": "-1",
            "access": "protected",
            "tagname": "",
            "class": "Tween",
            "module": "TweenJS"
        },
        {
            "file": "../src/tweenjs/Tween.js",
            "line": 454,
            "itemtype": "property",
            "name": "_target",
            "type": "{Object}",
            "access": "protected",
            "tagname": "",
            "class": "Tween",
            "module": "TweenJS"
        },
        {
            "file": "../src/tweenjs/Tween.js",
            "line": 461,
            "itemtype": "property",
            "name": "_useTicks",
            "type": "{Boolean}",
            "default": "false",
            "access": "protected",
            "tagname": "",
            "class": "Tween",
            "module": "TweenJS"
        },
        {
            "file": "../src/tweenjs/Tween.js",
            "line": 470,
            "itemtype": "method",
            "name": "initialize",
            "params": [
                {
                    "name": "target",
                    "description": "",
                    "type": "Object"
                },
                {
                    "name": "props",
                    "description": "",
                    "type": "Object"
                },
                {
                    "name": "pluginData",
                    "description": "",
                    "type": "Object"
                }
            ],
            "access": "protected",
            "tagname": "",
            "class": "Tween",
            "module": "TweenJS"
        },
        {
            "file": "../src/tweenjs/Tween.js",
            "line": 498,
            "description": "Queues a wait (essentially an empty tween).",
            "example": [
                "                                                   \n\t//This tween will wait 1s before alpha is faded to 0.\n\tcreatejs.Tween.get(target).wait(1000).to({alpha:0}, 1000);"
            ],
            "itemtype": "method",
            "name": "wait",
            "params": [
                {
                    "name": "duration",
                    "description": "The duration of the wait in milliseconds (or in ticks if <code>useTicks</code> is true).",
                    "type": "Number"
                }
            ],
            "return": {
                "description": "This tween instance (for chaining calls).",
                "type": "Tween"
            },
            "class": "Tween",
            "module": "TweenJS"
        },
        {
            "file": "../src/tweenjs/Tween.js",
            "line": 513,
            "description": "Queues a tween from the current values to the target properties. Set duration to 0 to jump to these value.\nNumeric properties will be tweened from their current value in the tween to the target value. Non-numeric\nproperties will be set at the end of the specified duration.",
            "example": [
                "\n\tcreatejs.Tween.get(target).to({alpha:0}, 1000);"
            ],
            "itemtype": "method",
            "name": "to",
            "params": [
                {
                    "name": "props",
                    "description": "An object specifying property target values for this tween (Ex. <code>{x:300}</code> would tween the x\n     property of the target to 300).",
                    "type": "Object"
                },
                {
                    "name": "duration",
                    "description": "Optional. The duration of the wait in milliseconds (or in ticks if <code>useTicks</code> is true).\n     Defaults to 0.",
                    "type": "Number"
                },
                {
                    "name": "ease",
                    "description": "Optional. The easing function to use for this tween. Defaults to a linear ease.",
                    "type": "Function"
                }
            ],
            "return": {
                "description": "This tween instance (for chaining calls).",
                "type": "Tween"
            },
            "class": "Tween",
            "module": "TweenJS"
        },
        {
            "file": "../src/tweenjs/Tween.js",
            "line": 532,
            "description": "Queues an action to call the specified function.",
            "example": [
                "\n  \t//would call myFunction() after 1s.      \n  \tmyTween.wait(1000).call(myFunction);"
            ],
            "itemtype": "method",
            "name": "call",
            "params": [
                {
                    "name": "callback",
                    "description": "The function to call.",
                    "type": "Function"
                },
                {
                    "name": "params",
                    "description": "Optional. The parameters to call the function with. If this is omitted, then the function\n     will be called with a single param pointing to this tween.",
                    "type": "Array"
                },
                {
                    "name": "scope",
                    "description": "Optional. The scope to call the function in. If omitted, it will be called in the target's\n     scope.",
                    "type": "Object"
                }
            ],
            "return": {
                "description": "This tween instance (for chaining calls).",
                "type": "Tween"
            },
            "class": "Tween",
            "module": "TweenJS"
        },
        {
            "file": "../src/tweenjs/Tween.js",
            "line": 550,
            "description": "Queues an action to set the specified props on the specified target. If target is null, it will use this tween's\ntarget.",
            "example": [
                "\n\tmyTween.wait(1000).set({visible:false},foo);"
            ],
            "itemtype": "method",
            "name": "set",
            "params": [
                {
                    "name": "props",
                    "description": "The properties to set (ex. <code>{visible:false}</code>).",
                    "type": "Object"
                },
                {
                    "name": "target",
                    "description": "Optional. The target to set the properties on. If omitted, they will be set on the tween's target.",
                    "type": "Object"
                }
            ],
            "return": {
                "description": "This tween instance (for chaining calls).",
                "type": "Tween"
            },
            "class": "Tween",
            "module": "TweenJS"
        },
        {
            "file": "../src/tweenjs/Tween.js",
            "line": 564,
            "description": "Queues an action to to play (unpause) the specified tween. This enables you to sequence multiple tweens.",
            "example": [
                " \n\tmyTween.to({x:100},500).play(otherTween);"
            ],
            "itemtype": "method",
            "name": "play",
            "params": [
                {
                    "name": "tween",
                    "description": "The tween to play.",
                    "type": "Tween"
                }
            ],
            "return": {
                "description": "This tween instance (for chaining calls).",
                "type": "Tween"
            },
            "class": "Tween",
            "module": "TweenJS"
        },
        {
            "file": "../src/tweenjs/Tween.js",
            "line": 576,
            "description": "Queues an action to to pause the specified tween.",
            "itemtype": "method",
            "name": "pause",
            "params": [
                {
                    "name": "tween",
                    "description": "The tween to play. If null, it pauses this tween.",
                    "type": "Tween"
                }
            ],
            "return": {
                "description": "This tween instance (for chaining calls)",
                "type": "Tween"
            },
            "class": "Tween",
            "module": "TweenJS"
        },
        {
            "file": "../src/tweenjs/Tween.js",
            "line": 587,
            "description": "Advances the tween to a specified position.",
            "itemtype": "method",
            "name": "setPosition",
            "params": [
                {
                    "name": "value",
                    "description": "The position to seek to in milliseconds (or ticks if useTicks is true).",
                    "type": "Number"
                },
                {
                    "name": "actionsMode",
                    "description": "Optional parameter specifying how actions are handled (ie. call, set, play, pause):\n     <code>Tween.NONE</code> (0) - run no actions. <code>Tween.LOOP</code> (1) - if new position is less than old, then run all actions\n     between old and duration, then all actions between 0 and new. Defaults to <code>LOOP</code>. <code>Tween.REVERSE</code> (2) - if new\n     position is less than old, run all actions between them in reverse.",
                    "type": "Number"
                }
            ],
            "return": {
                "description": "Returns true if the tween is complete (ie. the full tween has run & loop is false).",
                "type": "Boolean"
            },
            "class": "Tween",
            "module": "TweenJS"
        },
        {
            "file": "../src/tweenjs/Tween.js",
            "line": 653,
            "description": "Advances this tween by the specified amount of time in milliseconds (or ticks if <code>useTicks</code> is true).\nThis is normally called automatically by the Tween engine (via <code>Tween.tick</code>), but is exposed for advanced uses.",
            "itemtype": "method",
            "name": "tick",
            "params": [
                {
                    "name": "delta",
                    "description": "The time to advance in milliseconds (or ticks if <code>useTicks</code> is true).",
                    "type": "Number"
                }
            ],
            "class": "Tween",
            "module": "TweenJS"
        },
        {
            "file": "../src/tweenjs/Tween.js",
            "line": 664,
            "description": "Pauses or plays this tween.",
            "itemtype": "method",
            "name": "setPaused",
            "params": [
                {
                    "name": "value",
                    "description": "Indicates whether the tween should be paused (true) or played (false).",
                    "type": "Boolean"
                }
            ],
            "return": {
                "description": "This tween instance (for chaining calls)",
                "type": "Tween"
            },
            "class": "Tween",
            "module": "TweenJS"
        },
        {
            "file": "../src/tweenjs/Tween.js",
            "line": 682,
            "description": "Returns a string representation of this object.",
            "itemtype": "method",
            "name": "toString",
            "return": {
                "description": "a string representation of the instance.",
                "type": "String"
            },
            "class": "Tween",
            "module": "TweenJS"
        },
        {
            "file": "../src/tweenjs/Tween.js",
            "line": 691,
            "itemtype": "method",
            "name": "clone",
            "access": "protected",
            "tagname": "",
            "class": "Tween",
            "module": "TweenJS"
        },
        {
            "file": "../src/tweenjs/Tween.js",
            "line": 700,
            "itemtype": "method",
            "name": "_updateTargetProps",
            "params": [
                {
                    "name": "step",
                    "description": "",
                    "type": "Object"
                },
                {
                    "name": "ratio",
                    "description": "",
                    "type": "Number"
                }
            ],
            "access": "protected",
            "tagname": "",
            "class": "Tween",
            "module": "TweenJS"
        },
        {
            "file": "../src/tweenjs/Tween.js",
            "line": 740,
            "itemtype": "method",
            "name": "_runActions",
            "params": [
                {
                    "name": "startPos",
                    "description": "",
                    "type": "Number"
                },
                {
                    "name": "endPos",
                    "description": "",
                    "type": "Number"
                },
                {
                    "name": "includeStart",
                    "description": "",
                    "type": "Boolean"
                }
            ],
            "access": "protected",
            "tagname": "",
            "class": "Tween",
            "module": "TweenJS"
        },
        {
            "file": "../src/tweenjs/Tween.js",
            "line": 769,
            "itemtype": "method",
            "name": "_appendQueueProps",
            "params": [
                {
                    "name": "o",
                    "description": "",
                    "type": "Object"
                }
            ],
            "access": "protected",
            "tagname": "",
            "class": "Tween",
            "module": "TweenJS"
        },
        {
            "file": "../src/tweenjs/Tween.js",
            "line": 804,
            "itemtype": "method",
            "name": "_cloneProps",
            "params": [
                {
                    "name": "props",
                    "description": "",
                    "type": "Object"
                }
            ],
            "access": "protected",
            "tagname": "",
            "class": "Tween",
            "module": "TweenJS"
        },
        {
            "file": "../src/tweenjs/Tween.js",
            "line": 817,
            "itemtype": "method",
            "name": "_addStep",
            "params": [
                {
                    "name": "o",
                    "description": "",
                    "type": "Object"
                }
            ],
            "access": "protected",
            "tagname": "",
            "class": "Tween",
            "module": "TweenJS"
        },
        {
            "file": "../src/tweenjs/Tween.js",
            "line": 831,
            "itemtype": "method",
            "name": "_addAction",
            "params": [
                {
                    "name": "o",
                    "description": "",
                    "type": "Object"
                }
            ],
            "access": "protected",
            "tagname": "",
            "class": "Tween",
            "module": "TweenJS"
        },
        {
            "file": "../src/tweenjs/Tween.js",
            "line": 842,
            "itemtype": "method",
            "name": "_set",
            "params": [
                {
                    "name": "props",
                    "description": "",
                    "type": "Object"
                },
                {
                    "name": "o",
                    "description": "",
                    "type": "Object"
                }
            ],
            "access": "protected",
            "tagname": "",
            "class": "Tween",
            "module": "TweenJS"
        },
        {
            "file": "../src/tweenjs/version.js",
            "line": 11,
            "description": "The version string for this release.",
            "itemtype": "property",
            "name": "version",
            "type": "String",
            "static": 1,
            "class": "TweenJS",
            "module": "TweenJS"
        },
        {
            "file": "../src/tweenjs/version.js",
            "line": 19,
            "description": "The build date for this release in UTC format.",
            "itemtype": "property",
            "name": "buildDate",
            "type": "String",
            "static": 1,
            "class": "TweenJS",
            "module": "TweenJS"
        }
    ],
    "warnings": [
        {
            "message": "Missing item type\nDetermine the appropriate x/y/rotation information about a path for a given ratio along the path.\nAssumes a path object with all optional parameters specified.",
            "line": " ../src/tweenjs/MotionGuidePlugin.js:166"
        }
    ]
}