[{"url": "Tween.html#property__actions", "access": "protected", "host": "Tween", "type": "property", "name": "_actions"}, {"url": "Tween.html#method__addAction", "access": "protected", "host": "Tween", "type": "method", "name": "_addAction"}, {"url": "Timeline.html#method_addLabel", "access": "", "host": "Timeline", "type": "method", "name": "addLabel"}, {"url": "Tween.html#method__addStep", "access": "protected", "host": "Tween", "type": "method", "name": "_addStep"}, {"url": "Timeline.html#method_addTween", "access": "", "host": "Timeline", "type": "method", "name": "addTween"}, {"url": "Tween.html#method__appendQueueProps", "access": "protected", "host": "Tween", "type": "method", "name": "_appendQueueProps"}, {"url": "Ease.html#method_backIn", "access": "", "host": "Ease", "type": "method", "name": "backIn"}, {"url": "Ease.html#method_backInOut", "access": "", "host": "Ease", "type": "method", "name": "backInOut"}, {"url": "Ease.html#method_backOut", "access": "", "host": "Ease", "type": "method", "name": "backOut"}, {"url": "Ease.html#method_bounceIn", "access": "", "host": "Ease", "type": "method", "name": "bounceIn"}, {"url": "Ease.html#method_bounceInOut", "access": "", "host": "Ease", "type": "method", "name": "bounceInOut"}, {"url": "Ease.html#method_bounceOut", "access": "", "host": "Ease", "type": "method", "name": "bounceOut"}, {"url": "Tween.html#method_call", "access": "", "host": "Tween", "type": "method", "name": "call"}, {"url": "Ease.html#method_circIn", "access": "", "host": "Ease", "type": "method", "name": "circIn"}, {"url": "Ease.html#method_circInOut", "access": "", "host": "Ease", "type": "method", "name": "circInOut"}, {"url": "Ease.html#method_circOut", "access": "", "host": "Ease", "type": "method", "name": "circOut"}, {"url": "Timeline.html#method_clone", "access": "protected", "host": "Timeline", "type": "method", "name": "clone"}, {"url": "Tween.html#method_clone", "access": "protected", "host": "Tween", "type": "method", "name": "clone"}, {"url": "Tween.html#method__cloneProps", "access": "protected", "host": "Tween", "type": "method", "name": "_cloneProps"}, {"url": "CSSPlugin.html#property_cssSuffixMap", "access": "", "host": "CSSPlugin", "type": "property", "name": "cssSuffixMap"}, {"url": "Ease.html#method_cubicIn", "access": "", "host": "Ease", "type": "method", "name": "cubicIn"}, {"url": "Ease.html#method_cubicInOut", "access": "", "host": "Ease", "type": "method", "name": "cubicInOut"}, {"url": "Ease.html#method_cubicOut", "access": "", "host": "Ease", "type": "method", "name": "cubicOut"}, {"url": "Tween.html#property__curQueueProps", "access": "protected", "host": "Tween", "type": "property", "name": "_curQueueProps"}, {"url": "Timeline.html#property_duration", "access": "", "host": "Timeline", "type": "property", "name": "duration"}, {"url": "Tween.html#property_duration", "access": "", "host": "Tween", "type": "property", "name": "duration"}, {"url": "Ease.html#method_elasticIn", "access": "", "host": "Ease", "type": "method", "name": "elasticIn"}, {"url": "Ease.html#method_elasticInOut", "access": "", "host": "Ease", "type": "method", "name": "elasticInOut"}, {"url": "Ease.html#method_elasticOut", "access": "", "host": "Ease", "type": "method", "name": "elasticOut"}, {"url": "Ease.html#method_get", "access": "", "host": "Ease", "type": "method", "name": "get"}, {"url": "Tween.html#method_get", "access": "", "host": "Tween", "type": "method", "name": "get"}, {"url": "Ease.html#method_getBackIn", "access": "", "host": "Ease", "type": "method", "name": "getBackIn"}, {"url": "Ease.html#method_getBackInOut", "access": "", "host": "Ease", "type": "method", "name": "getBackInOut"}, {"url": "Ease.html#method_getBackOut", "access": "", "host": "Ease", "type": "method", "name": "getBackOut"}, {"url": "Ease.html#method_getElasticIn", "access": "", "host": "Ease", "type": "method", "name": "getElasticIn"}, {"url": "Ease.html#method_getElasticInOut", "access": "", "host": "Ease", "type": "method", "name": "getElasticInOut"}, {"url": "Ease.html#method_getElasticOut", "access": "", "host": "Ease", "type": "method", "name": "getElasticOut"}, {"url": "Ease.html#method_getPowIn", "access": "", "host": "Ease", "type": "method", "name": "getPowIn"}, {"url": "Ease.html#method_getPowInOut", "access": "", "host": "Ease", "type": "method", "name": "getPowInOut"}, {"url": "Ease.html#method_getPowOut", "access": "", "host": "Ease", "type": "method", "name": "getPowOut"}, {"url": "Timeline.html#method__goto", "access": "protected", "host": "Timeline", "type": "method", "name": "_goto"}, {"url": "Timeline.html#method_gotoAndPlay", "access": "", "host": "Timeline", "type": "method", "name": "gotoAndPlay"}, {"url": "Timeline.html#method_gotoAndStop", "access": "", "host": "Timeline", "type": "method", "name": "gotoAndStop"}, {"url": "Tween.html#method_hasActiveTweens", "access": "", "host": "Tween", "type": "method", "name": "hasActiveTweens"}, {"url": "Tween.html#property_IGNORE", "access": "", "host": "Tween", "type": "property", "name": "IGNORE"}, {"url": "Timeline.html#property_ignoreGlobalPause", "access": "", "host": "Timeline", "type": "property", "name": "ignoreGlobalPause"}, {"url": "Tween.html#property_ignoreGlobalPause", "access": "", "host": "Tween", "type": "property", "name": "ignoreGlobalPause"}, {"url": "CSSPlugin.html#method_init", "access": "protected", "host": "CSSPlugin", "type": "method", "name": "init"}, {"url": "SamplePlugin.html#method_init", "access": "", "host": "SamplePlugin", "type": "method", "name": "init"}, {"url": "Timeline.html#method_initialize", "access": "protected", "host": "Timeline", "type": "method", "name": "initialize"}, {"url": "Tween.html#method_initialize", "access": "protected", "host": "Tween", "type": "method", "name": "initialize"}, {"url": "Tween.html#property__initQueueProps", "access": "protected", "host": "Tween", "type": "property", "name": "_initQueueProps"}, {"url": "CSSPlugin.html#method_install", "access": "", "host": "CSSPlugin", "type": "method", "name": "install"}, {"url": "SamplePlugin.html#method_install", "access": "", "host": "SamplePlugin", "type": "method", "name": "install"}, {"url": "Tween.html#method_installPlugin", "access": "", "host": "Tween", "type": "method", "name": "installPlugin"}, {"url": "Timeline.html#property__labels", "access": "protected", "host": "Timeline", "type": "property", "name": "_labels"}, {"url": "Ease.html#method_linear", "access": "", "host": "Ease", "type": "method", "name": "linear"}, {"url": "Tween.html#property__listeners", "access": "protected", "host": "Tween", "type": "property", "name": "_listeners"}, {"url": "Timeline.html#property_loop", "access": "", "host": "Timeline", "type": "property", "name": "loop"}, {"url": "Tween.html#property_loop", "access": "", "host": "Tween", "type": "property", "name": "loop"}, {"url": "Tween.html#property_LOOP", "access": "", "host": "Tween", "type": "property", "name": "LOOP"}, {"url": "Ease.html#method_none", "access": "", "host": "Ease", "type": "method", "name": "none"}, {"url": "Tween.html#property_NONE", "access": "", "host": "Tween", "type": "property", "name": "NONE"}, {"url": "Timeline.html#property_onChange", "access": "", "host": "Timeline", "type": "property", "name": "onChange"}, {"url": "Tween.html#property_onChange", "access": "", "host": "Tween", "type": "property", "name": "onChange"}, {"url": "Tween.html#method_pause", "access": "", "host": "Tween", "type": "method", "name": "pause"}, {"url": "Timeline.html#property__paused", "access": "protected", "host": "Timeline", "type": "property", "name": "_paused"}, {"url": "Tween.html#property__paused", "access": "protected", "host": "Tween", "type": "property", "name": "_paused"}, {"url": "Tween.html#method_play", "access": "", "host": "Tween", "type": "method", "name": "play"}, {"url": "Tween.html#property_pluginData", "access": "", "host": "Tween", "type": "property", "name": "pluginData"}, {"url": "Tween.html#property__plugins", "access": "protected", "host": "Tween", "type": "property", "name": "_plugins"}, {"url": "Timeline.html#property_position", "access": "", "host": "Timeline", "type": "property", "name": "position"}, {"url": "Tween.html#property_position", "access": "", "host": "Tween", "type": "property", "name": "position"}, {"url": "Timeline.html#property__prevPos", "access": "protected", "host": "Timeline", "type": "property", "name": "_prevPos"}, {"url": "Tween.html#property__prevPos", "access": "protected", "host": "Tween", "type": "property", "name": "_prevPos"}, {"url": "Timeline.html#property__prevPosition", "access": "protected", "host": "Timeline", "type": "property", "name": "_prevPosition"}, {"url": "Tween.html#property__prevPosition", "access": "protected", "host": "Tween", "type": "property", "name": "_prevPosition"}, {"url": "CSSPlugin.html#property_priority", "access": "protected", "host": "CSSPlugin", "type": "property", "name": "priority"}, {"url": "SamplePlugin.html#property_priority", "access": "", "host": "SamplePlugin", "type": "property", "name": "priority"}, {"url": "Ease.html#method_quadIn", "access": "", "host": "Ease", "type": "method", "name": "quadIn"}, {"url": "Ease.html#method_quadInOut", "access": "", "host": "Ease", "type": "method", "name": "quadInOut"}, {"url": "Ease.html#method_quadOut", "access": "", "host": "Ease", "type": "method", "name": "quadOut"}, {"url": "Ease.html#method_quartIn", "access": "", "host": "Ease", "type": "method", "name": "quartIn"}, {"url": "Ease.html#method_quartInOut", "access": "", "host": "Ease", "type": "method", "name": "quartInOut"}, {"url": "Ease.html#method_quartOut", "access": "", "host": "Ease", "type": "method", "name": "quartOut"}, {"url": "Ease.html#method_quintIn", "access": "", "host": "Ease", "type": "method", "name": "quintIn"}, {"url": "Ease.html#method_quintInOut", "access": "", "host": "Ease", "type": "method", "name": "quintInOut"}, {"url": "Ease.html#method_quintOut", "access": "", "host": "Ease", "type": "method", "name": "quintOut"}, {"url": "Tween.html#method__register", "access": "protected", "host": "Tween", "type": "method", "name": "_register"}, {"url": "Timeline.html#method_removeTween", "access": "", "host": "Timeline", "type": "method", "name": "removeTween"}, {"url": "Tween.html#method_removeTweens", "access": "", "host": "Tween", "type": "method", "name": "removeTweens"}, {"url": "Timeline.html#method_resolve", "access": "", "host": "Timeline", "type": "method", "name": "resolve"}, {"url": "Tween.html#property_REVERSE", "access": "", "host": "Tween", "type": "property", "name": "REVERSE"}, {"url": "Tween.html#method__runActions", "access": "protected", "host": "Tween", "type": "method", "name": "_runActions"}, {"url": "Tween.html#method__set", "access": "protected", "host": "Tween", "type": "method", "name": "_set"}, {"url": "Tween.html#method_set", "access": "", "host": "Tween", "type": "method", "name": "set"}, {"url": "Timeline.html#method_setPaused", "access": "", "host": "Timeline", "type": "method", "name": "setPaused"}, {"url": "Tween.html#method_setPaused", "access": "", "host": "Tween", "type": "method", "name": "setPaused"}, {"url": "Timeline.html#method_setPosition", "access": "", "host": "Timeline", "type": "method", "name": "setPosition"}, {"url": "Tween.html#method_setPosition", "access": "", "host": "Tween", "type": "method", "name": "setPosition"}, {"url": "Ease.html#method_sineIn", "access": "", "host": "Ease", "type": "method", "name": "sineIn"}, {"url": "Ease.html#method_sineInOut", "access": "", "host": "Ease", "type": "method", "name": "sineInOut"}, {"url": "Ease.html#method_sineOut", "access": "", "host": "Ease", "type": "method", "name": "sineOut"}, {"url": "CSSPlugin.html#method_step", "access": "protected", "host": "CSSPlugin", "type": "method", "name": "step"}, {"url": "Tween.html#property__stepPosition", "access": "protected", "host": "Tween", "type": "property", "name": "_stepPosition"}, {"url": "Tween.html#property__steps", "access": "protected", "host": "Tween", "type": "property", "name": "_steps"}, {"url": "Tween.html#property__target", "access": "protected", "host": "Tween", "type": "property", "name": "_target"}, {"url": "Tween.html#property_target", "access": "", "host": "Tween", "type": "property", "name": "target"}, {"url": "Timeline.html#method_tick", "access": "", "host": "Timeline", "type": "method", "name": "tick"}, {"url": "Tween.html#method_tick", "access": "", "host": "Tween", "type": "method", "name": "tick"}, {"url": "Tween.html#method_to", "access": "", "host": "Tween", "type": "method", "name": "to"}, {"url": "Timeline.html#method_toString", "access": "", "host": "Timeline", "type": "method", "name": "toString"}, {"url": "Tween.html#method_toString", "access": "", "host": "Tween", "type": "method", "name": "toString"}, {"url": "CSSPlugin.html#method_tween", "access": "protected", "host": "CSSPlugin", "type": "method", "name": "tween"}, {"url": "SamplePlugin.html#method_tween", "access": "", "host": "SamplePlugin", "type": "method", "name": "tween"}, {"url": "Timeline.html#property__tweens", "access": "protected", "host": "Timeline", "type": "property", "name": "_tweens"}, {"url": "Timeline.html#method_updateDuration", "access": "", "host": "Timeline", "type": "method", "name": "updateDuration"}, {"url": "Tween.html#method__updateTargetProps", "access": "protected", "host": "Tween", "type": "method", "name": "_updateTargetProps"}, {"url": "Timeline.html#property__useTicks", "access": "protected", "host": "Timeline", "type": "property", "name": "_useTicks"}, {"url": "Tween.html#property__useTicks", "access": "protected", "host": "Tween", "type": "property", "name": "_useTicks"}, {"url": "Tween.html#method_wait", "access": "", "host": "Tween", "type": "method", "name": "wait"}]