{"majorversion": 2, "classmap": {"Tween": {"name": "Tween", "constructors": [{"description": "Returns a new Tween instance. See Tween.get for param documentation."}], "namespace": "", "module": "TweenJS", "guessedname": "Tween", "methods": {"set": {"return": {"type": "", "description": "Tween This tween instance (for chaining calls)."}, "params": [{"type": "visible:false", "name": "props", "description": " The properties to set (ex. )."}, {"type": "", "name": "target", "description": " The target to set the properties on. If omitted, they will be set on the tween's target."}], "description": "Queues an action to set the specified props on the specified target. If target is null, it will use this tween's target. Ex. myTween.wait(1000).set({visible:false},foo);", "guessedname": "set", "guessedtype": "function"}, "_updateTargetProps": {"protected": "", "guessedname": "_updateTargetProps", "guessedtype": "function"}, "_addAction": {"protected": "", "guessedname": "_addAction", "guessedtype": "function"}, "_addStep": {"protected": "", "guessedname": "_addStep", "guessedtype": "function"}, "installPlugin": {"static": "", "params": [{"type": "", "name": "plugin", "description": ""}, {"type": "", "name": "properties", "description": ""}], "description": "Installs a plugin, which can modify how certain properties are handled when tweened.\r\nSee the CSSPlugin for an example of how to write TweenJS plugins.", "guessedname": "installPlugin", "guessedtype": "function"}, "hasActiveTweens": {"return": {"type": "", "description": "Boolean A boolean indicating whether there are any active tweens."}, "description": "Indicates whether there are any active tweens on the target (if specified) or in general.", "static": "", "guessedname": "hasActiveTweens", "guessedtype": "function", "params": [{"type": "", "name": "target", "description": " Optional. If not specified, the return value will indicate if there are any active tweens on any target."}]}, "pause": {"params": [{"type": "", "name": "tween", "description": " The tween to play. If null, it pauses this tween."}], "description": "Queues an action to to pause the specified tween.", "guessedname": "pause", "guessedtype": "function"}, "removeTweens": {"static": "", "params": [{"type": "", "name": "target", "description": " The target object to remove existing tweens from."}], "description": "Removes all existing tweens for a target. This is called automatically by new tweens if the \"override\" prop is true.", "guessedname": "removeTweens", "guessedtype": "function"}, "_cloneProps": {"protected": "", "guessedname": "_cloneProps", "guessedtype": "function"}, "to": {"return": {"type": "", "description": "Tween This tween instance (for chaining calls)."}, "params": [{"type": "x:300", "name": "props", "description": " An object specifying property target values for this tween (Ex.  would tween the x property of the target to 300)."}, {"type": "", "name": "duration", "description": " The duration of the wait in milliseconds (or in ticks if useTicks is true)."}, {"type": "", "name": "ease", "description": " The easing function to use for this tween."}], "description": "Queues a tween from the current values to the target properties. Set duration to 0 to jump to these value.\r\nNumeric properties will be tweened from their current value in the tween to the target value. Non-numeric\r\nproperties will be set at the end of the specified duration.", "guessedname": "to", "guessedtype": "function"}, "call": {"return": {"type": "", "description": "Tween This tween instance (for chaining calls)."}, "params": [{"type": "", "name": "callback", "description": " The function to call."}, {"type": "", "name": "params", "description": " The parameters to call the function with. If this is omitted, then the function will be called with a single param pointing to this tween."}, {"type": "", "name": "scope", "description": " The scope to call the function in. If omitted, it will be called in the target's scope."}], "description": "Queues an action to call the specified function. For example: myTween.wait(1000).call(myFunction); would call myFunction() after 1s.", "guessedname": "call", "guessedtype": "function"}, "toString": {"return": {"type": "String", "description": "a string representation of the instance."}, "description": "Returns a string representation of this object.", "guessedname": "toString", "guessedtype": "function"}, "play": {"return": {"type": "", "description": "Tween This tween instance (for chaining calls)."}, "params": [{"type": "", "name": "tween", "description": " The tween to play."}], "description": "Queues an action to to play (unpause) the specified tween. This enables you to sequence multiple tweens. Ex. myTween.to({x:100},500).play(otherTween);", "guessedname": "play", "guessedtype": "function"}, "get": {"static": "", "params": [{"type": "", "name": "target", "description": " The target object that will have its properties tweened."}, {"type": "loop:true, paused:true", "name": "props", "description": " The configuration properties to apply to this tween instance (ex. ). All properties default to false. Supported props are:<UL>\r\n<LI> loop: sets the loop property on this tween.</LI>\r\n<LI> useTicks: uses ticks for all durations instead of milliseconds.</LI>\r\n<LI> ignoreGlobalPause: sets the ignoreGlobalPause property on this tween.</LI>\r\n<LI> override: if true, Tween.removeTweens(target) will be called to remove any other tweens with the same target.\r\n<LI> paused: indicates whether to start the tween paused.</LI>\r\n<LI> position: indicates the initial position for this timeline</LI>\r\n</UL>"}], "description": "Returns a new tween instance. This is functionally identical to using \"new Tween(...)\", but looks cleaner\r\nwith the chained syntax of TweenJS.", "guessedname": "get", "guessedtype": "function"}, "clone": {"protected": "", "guessedname": "clone", "guessedtype": "function"}, "_appendQueueProps": {"protected": "", "guessedname": "_appendQueueProps", "guessedtype": "function"}, "_register": {"protected": "", "static": "", "description": "Registers or unregisters a tween with the ticking system.", "guessedname": "_register", "guessedtype": "function"}, "initialize": {"protected": "", "guessedname": "initialize", "guessedtype": "function"}, "setPosition": {"return": {"type": "", "description": "Boolean Returns true if the tween is complete (ie. the full tween has run & loop is false)."}, "params": [{"type": "", "name": "value", "description": " The position to seek to in milliseconds (or ticks if useTicks is true)."}, {"type": "", "name": "actionsMode", "description": " Optional parameter specifying how actions are handled (ie. call, set, play, pause): Tween.NONE (0) - run no actions. Tween.LOOP (1) - if new position is less than old, then run all actions between old and duration, then all actions between 0 and new. Defaults to LOOP. Tween.REVERSE (2) - if new position is less than old, run all actions between them in reverse."}], "description": "Advances the tween to a specified position.", "guessedname": "setPosition", "guessedtype": "function"}, "tick": {"description": "Advances all tweens. This typically uses the Ticker class (available in the EaselJS library), but you can call it manually if you prefer to use\r\nyour own \"heartbeat\" implementation.", "param": "delta The time to advance in milliseconds (or ticks if useTicks is true).", "static": "", "guessedname": "tick", "guessedtype": "function", "params": [{"type": "", "name": "delta", "description": " The change in time in milliseconds since the last tick. Required unless all tweens have useTicks set to true."}, {"type": "", "name": "paused", "description": " Indicates whether a global pause is in effect. Tweens with ignoreGlobalPause will ignore this, but all others will pause if this is true."}]}, "wait": {"return": {"type": "", "description": "Tween This tween instance (for chaining calls)."}, "params": [{"type": "", "name": "duration", "description": " The duration of the wait in milliseconds (or in ticks if useTicks is true)."}], "description": "Queues a wait (essentially an empty tween).", "guessedname": "wait", "guessedtype": "function"}, "_runActions": {"protected": "", "guessedname": "_runActions", "guessedtype": "function"}, "_set": {"protected": "", "guessedname": "_set", "guessedtype": "function"}, "setPaused": {"params": [{"type": "", "name": "value", "description": " Indicates whether the tween should be paused (true) or played (false)."}], "description": "Pauses or plays this tween.", "guessedname": "setPaused", "guessedtype": "function"}}, "file": "Tween.js", "guessedtype": "function", "shortname": "Tween", "properties": {"_stepPosition": {"protected": "", "type": "Number", "description": "The position within the current step.", "guessedname": "_stepPosition", "guessedtype": "property"}, "_listeners": {"type": "Array[Tween]", "protected": "", "static": "", "guessedname": "_tweens", "guessedtype": "property"}, "NONE": {"type": "Number", "static": "", "description": "Constant defining the none actionsMode for use with setPosition.", "guessedname": "NONE", "guessedtype": "property"}, "REVERSE": {"type": "Number", "static": "", "description": "Constant defining the reverse actionsMode for use with setPosition.", "guessedname": "REVERSE", "guessedtype": "property"}, "ignoreGlobalPause": {"type": "Boolean", "description": "Causes this tween to continue playing when a global pause is active. For example, if TweenJS is using Ticker,\r\nthen setting this to true (the default) will cause this tween to be paused when Ticker.setPaused(true) is called.\r\nSee Tween.tick() for more info. Can be set via the props param.", "guessedname": "ignoreGlobalPause", "guessedtype": "property"}, "_actions": {"protected": "", "type": "Array", "guessedname": "_actions", "guessedtype": "property"}, "_plugins": {"type": "Object", "protected": "", "static": "", "guessedname": "_plugins", "guessedtype": "property"}, "_target": {"protected": "", "type": "Object", "guessedname": "_target", "guessedtype": "property"}, "_prevPos": {"protected": "", "type": "Number", "description": "Normalized position.", "guessedname": "_prevPos", "guessedtype": "property"}, "IGNORE": {"type": "Object", "static": "", "description": "Constant returned by plugins to tell the tween not to use default assignment.", "guessedname": "IGNORE", "guessedtype": "property"}, "_steps": {"protected": "", "type": "Array", "guessedname": "_steps", "guessedtype": "property"}, "pluginData": {"type": "Object", "description": "Allows you to specify data that will be used by installed plugins. Each plugin uses this differently, but in general\r\nyou specify data by setting it to a property of pluginData with the same name as the plugin class.<br/>\r\nEx. myTween.pluginData.PluginClassName = data;<br/>\r\n<br/>\r\nAlso, most plugins support a property to enable or disable them. This is typically the plugin class name followed by \"_enabled\".<br/>\r\nEx. myTween.pluginData.PluginClassName_enabled = false;<br/>\r\n<br/>\r\nSome plugins also store instance data in this object, usually in a property named _PluginClassName.\r\nSee the documentation for individual plugins for more details.", "guessedname": "pluginData", "guessedtype": "property"}, "_prevPosition": {"protected": "", "type": "Number", "description": "Raw position.", "guessedname": "_prevPosition", "guessedtype": "property"}, "loop": {"type": "Boolean", "description": "If true, the tween will loop when it reaches the end. Can be set via the props param.", "guessedname": "loop", "guessedtype": "property"}, "duration": {"type": "Number", "description": "Read-only property specifying the total duration of this tween in milliseconds (or ticks if useTicks is true).\r\nThis value is automatically updated as you modify the tween.", "guessedname": "duration", "guessedtype": "property"}, "_useTicks": {"protected": "", "type": "Boolean", "guessedname": "_useTicks", "guessedtype": "property"}, "_curQueueProps": {"protected": "", "type": "Object", "guessedname": "_curQueueProps", "guessedtype": "property"}, "_paused": {"protected": "", "type": "Boolean", "guessedname": "_paused", "guessedtype": "property"}, "LOOP": {"type": "Number", "static": "", "description": "Constant defining the loop actionsMode for use with setPosition.", "guessedname": "LOOP", "guessedtype": "property"}, "_initQueueProps": {"protected": "", "type": "Object", "guessedname": "_initQueueProps", "guessedtype": "property"}}, "description": "Returns a new Tween instance. See Tween.get for param documentation."}, "Timeline": {"name": "Timeline", "constructors": [{"params": [{"type": "", "name": "tweens", "description": " An array of Tweens to add to this timeline. See addTween for more info."}, {"type": "", "name": "labels", "description": " An object defining labels for using gotoAndPlay/Stop. See setLabels for details."}, {"type": "loop:true", "name": "props", "description": " The configuration properties to apply to this tween instance (ex. ). All properties default to false. Supported props are:<UL>\r\n<LI> loop: sets the loop property on this tween.</LI>\r\n<LI> useTicks: uses ticks for all durations instead of milliseconds.</LI>\r\n<LI> ignoreGlobalPause: sets the ignoreGlobalPause property on this tween.</LI>\r\n<LI> paused: indicates whether to start the tween paused.</LI>\r\n<LI> position: indicates the initial position for this timeline</LI>\r\n</UL>"}], "description": "The Timeline class synchronizes multiple tweens and allows them to be controlled as a group."}], "namespace": "", "module": "TweenJS", "guessedname": "Timeline", "methods": {"addTween": {"return": {"type": "", "description": "Tween The first tween that was passed in."}, "params": [{"type": "", "name": "tween", "description": " The tween(s) to add. Accepts multiple arguments."}], "description": "Adds one or more tweens (or timelines) to this timeline. The tweens will be paused (to remove them from the normal ticking system)\r\nand managed by this timeline. Adding a tween to multiple timelines will result in unexpected behaviour.", "guessedname": "addTween", "guessedtype": "function"}, "tick": {"params": [{"type": "", "name": "delta", "description": " The time to advance in milliseconds (or ticks if useTicks is true)."}], "description": "Advances this timeline by the specified amount of time in milliseconds (or ticks if useTicks is true).\r\nThis is normally called automatically by the Tween engine (via Tween.tick), but is exposed for advanced uses.", "guessedname": "tick", "guessedtype": "function"}, "updateDuration": {"description": "Recalculates the duration of the timeline.\r\nThe duration is automatically updated when tweens are added or removed, but this method is useful \r\nif you modify a tween after it was added to the timeline.", "guessedname": "updateDuration", "guessedtype": "function"}, "gotoAndPlay": {"params": [{"type": "", "name": "positionOrLabel", "description": " The position in milliseconds (or ticks if useTicks is true) or label to jump to."}], "description": "Unpauses this timeline and jumps to the specified position or label.", "guessedname": "gotoAndPlay", "guessedtype": "function"}, "clone": {"protected": "", "guessedname": "clone", "guessedtype": "function"}, "_goto": {"protected": "", "guessedname": "_goto", "guessedtype": "function"}, "addLabel": {"param": "o An object defining labels for using gotoAndPlay/Stop in the form {labelName:time} where time is in ms (or ticks if useTicks is true).", "params": [{"type": "", "name": "label", "description": " The label name."}, {"type": "", "name": "position", "description": " The position this label represents."}], "description": "Adds a label that can be used with gotoAndPlay/Stop.", "guessedname": "addLabel", "guessedtype": "function"}, "resolve": {"params": [{"type": "", "name": "positionOrLabel", "description": " A numeric position value or label string."}], "description": "If a numeric position is passed, it is returned unchanged. If a string is passed, the position of the\r\ncorresponding frame label will be returned, or null if a matching label is not defined.", "guessedname": "resolve", "guessedtype": "function"}, "toString": {"return": {"type": "String", "description": "a string representation of the instance."}, "description": "Returns a string representation of this object.", "guessedname": "toString", "guessedtype": "function"}, "removeTween": {"return": {"type": "", "description": "Boolean Returns true if all of the tweens were successfully removed."}, "params": [{"type": "", "name": "tween", "description": " The tween(s) to remove. Accepts multiple arguments."}], "description": "Removes one or more tweens from this timeline.", "guessedname": "removeTween", "guessedtype": "function"}, "initialize": {"protected": "", "description": "Initialization method.", "guessedname": "initialize", "guessedtype": "function"}, "setPosition": {"return": {"type": "", "description": "Boolean Returns true if the timeline is complete (ie. the full timeline has run & loop is false)."}, "params": [{"type": "", "name": "value", "description": " The position to seek to in milliseconds (or ticks if useTicks is true)."}, {"type": "", "name": "actionsMode", "description": " Optional parameter specifying how actions are handled. See Tween.setPosition for more details."}], "description": "Advances the timeline to the specified position.", "guessedname": "setPosition", "guessedtype": "function"}, "setPaused": {"params": [{"type": "", "name": "value", "description": " Indicates whether the tween should be paused (true) or played (false)."}], "description": "Pauses or plays this timeline.", "guessedname": "setPaused", "guessedtype": "function"}, "gotoAndStop": {"params": [{"type": "", "name": "positionOrLabel", "description": " The position in milliseconds (or ticks if useTicks is true) or label to jump to."}], "description": "Pauses this timeline and jumps to the specified position or label.", "guessedname": "gotoAndStop", "guessedtype": "function"}}, "file": "Timeline.js", "guessedtype": "function", "shortname": "Timeline", "properties": {"_tweens": {"protected": "", "type": "Array[Tween]", "guessedname": "_tweens", "guessedtype": "property"}, "_labels": {"protected": "", "type": "Array[String]", "guessedname": "_labels", "guessedtype": "property"}, "ignoreGlobalPause": {"type": "Boolean", "description": "Causes this timeline to continue playing when a global pause is active.", "guessedname": "ignoreGlobalPause", "guessedtype": "property"}, "_paused": {"protected": "", "type": "Boolean", "guessedname": "_paused", "guessedtype": "property"}, "_prevPos": {"protected": "", "type": "Number", "guessedname": "_prevPos", "guessedtype": "property"}, "_prevPosition": {"protected": "", "type": "Number", "guessedname": "_prevPosition", "guessedtype": "property"}, "duration": {"type": "Number", "description": "Read-only property specifying the total duration of this timeline in milliseconds (or ticks if useTicks is true).\r\nThis value is usually automatically updated as you modify the timeline. See updateDuration for more information.", "guessedname": "duration", "guessedtype": "property"}, "_useTicks": {"protected": "", "type": "Boolean", "guessedname": "_useTicks", "guessedtype": "property"}, "loop": {"type": "Boolean", "description": "If true, the timeline will loop when it reaches the end. Can be set via the props param.", "guessedname": "loop", "guessedtype": "property"}}, "description": "The Timeline class synchronizes multiple tweens and allows them to be controlled as a group."}, "Ease": {"name": "Ease", "namespace": "", "module": "TweenJS", "guessedname": "Ease", "methods": {"circInOut": {"static": "", "guessedname": "circInOut", "guessedtype": "function"}, "quadOut": {"static": "", "guessedname": "quadOut", "guessedtype": "property"}, "getElasticInOut": {"static": "", "params": [{"type": "", "name": "amplitude", "description": ""}, {"type": "", "name": "period", "description": ""}], "description": "Configurable elastic ease.", "guessedname": "getElasticInOut", "guessedtype": "function"}, "bounceInOut": {"static": "", "guessedname": "bounceInOut", "guessedtype": "function"}, "quartIn": {"static": "", "guessedname": "quartIn", "guessedtype": "property"}, "getPowInOut": {"static": "", "params": [{"type": "", "name": "pow", "description": " The exponent to use (ex. 3 would return a cubic ease)."}], "description": "Configurable exponential ease.", "guessedname": "getPowInOut", "guessedtype": "function"}, "quadInOut": {"static": "", "guessedname": "quadInOut", "guessedtype": "property"}, "cubicIn": {"static": "", "guessedname": "cubicIn", "guessedtype": "property"}, "getPowOut": {"static": "", "params": [{"type": "", "name": "pow", "description": " The exponent to use (ex. 3 would return a cubic ease)."}], "description": "Configurable exponential ease.", "guessedname": "getPowOut", "guessedtype": "function"}, "getElasticIn": {"static": "", "params": [{"type": "", "name": "amplitude", "description": ""}, {"type": "", "name": "period", "description": ""}], "description": "Configurable elastic ease.", "guessedname": "getElasticIn", "guessedtype": "function"}, "quartInOut": {"static": "", "guessedname": "quartInOut", "guessedtype": "property"}, "sineInOut": {"static": "", "guessedname": "sineInOut", "guessedtype": "function"}, "circIn": {"static": "", "guessedname": "circIn", "guessedtype": "function"}, "elasticOut": {"static": "", "guessedname": "elasticOut", "guessedtype": "property"}, "quadIn": {"static": "", "guessedname": "quadIn", "guessedtype": "property"}, "getElasticOut": {"static": "", "params": [{"type": "", "name": "amplitude", "description": ""}, {"type": "", "name": "period", "description": ""}], "description": "Configurable elastic ease.", "guessedname": "getElasticOut", "guessedtype": "function"}, "backIn": {"static": "", "guessedname": "backIn", "guessedtype": "property"}, "getPowIn": {"static": "", "params": [{"type": "", "name": "pow", "description": " The exponent to use (ex. 3 would return a cubic ease)."}], "description": "Configurable exponential ease.", "guessedname": "getPowIn", "guessedtype": "function"}, "cubicInOut": {"static": "", "guessedname": "cubicInOut", "guessedtype": "property"}, "linear": {"static": "", "guessedname": "linear", "guessedtype": "function"}, "get": {"static": "", "params": [{"type": "", "name": "amount", "description": " A value from -1 (ease in) to 1 (ease out) indicating the strength and direction of the ease."}], "description": "Mimics the simple -100 to 100 easing in Flash Pro.", "guessedname": "get", "guessedtype": "function"}, "getBackInOut": {"static": "", "params": [{"type": "", "name": "amount", "description": " The strength of the ease."}], "description": "Configurable \"back in out\" ease.", "guessedname": "getBackInOut", "guessedtype": "function"}, "getBackIn": {"static": "", "params": [{"type": "", "name": "amount", "description": " The strength of the ease."}], "description": "Configurable \"back in\" ease.", "guessedname": "getBackIn", "guessedtype": "function"}, "quartOut": {"static": "", "guessedname": "quartOut", "guessedtype": "property"}, "sineIn": {"static": "", "guessedname": "sineIn", "guessedtype": "function"}, "bounceIn": {"static": "", "guessedname": "bounceIn", "guessedtype": "function"}, "elasticIn": {"static": "", "guessedname": "elasticIn", "guessedtype": "property"}, "backInOut": {"static": "", "guessedname": "backInOut", "guessedtype": "property"}, "quintInOut": {"static": "", "guessedname": "quintInOut", "guessedtype": "property"}, "quintIn": {"static": "", "guessedname": "quintIn", "guessedtype": "property"}, "elasticInOut": {"static": "", "guessedname": "elasticInOut", "guessedtype": "property"}, "none": {"static": "", "description": "Identical to linear.", "guessedname": "none", "guessedtype": "property"}, "quintOut": {"static": "", "guessedname": "quintOut", "guessedtype": "property"}, "backOut": {"static": "", "guessedname": "backOut", "guessedtype": "property"}, "bounceOut": {"static": "", "guessedname": "bounceOut", "guessedtype": "function"}, "cubicOut": {"static": "", "guessedname": "cubicOut", "guessedtype": "property"}, "getBackOut": {"static": "", "params": [{"type": "", "name": "amount", "description": " The strength of the ease."}], "description": "Configurable \"back out\" ease.", "guessedname": "getBackOut", "guessedtype": "function"}, "sineOut": {"static": "", "guessedname": "sineOut", "guessedtype": "function"}, "circOut": {"static": "", "guessedname": "circOut", "guessedtype": "function"}}, "static": "", "file": "Ease.js", "guessedtype": "function", "shortname": "Ease", "description": "The Ease class provides a collection of easing functions for use with TweenJS.\r\nIt does not use the standard 4 param easing signature. Instead it uses a single param\r\nwhich indicates the current linear ratio (0 to 1) of the tween.<br/>\r\n<br/>\r\nMost methods on Ease can be passed directly as easing functions:<br/>\r\nTween.get(target).to({x:100}, 500, Ease.linear);<br/>\r\n<br/>\r\nHowever, methods beginning with \"get\" will return an easing function based on parameter values:<br/>\r\nTween.get(target).to({y:200}, 500, Ease.getPowIn(2.2));<br/>\r\n<br/>\r\nEquations derived from work by Robert Penner."}, "CSSPlugin": {"name": "CSSPlugin", "constructors": [{"description": "TODO."}], "namespace": "", "module": "TweenJS", "guessedname": "CSSPlugin", "protected": "", "methods": {"tween": {"guessedname": "tween", "guessedtype": "function"}, "init": {"guessedname": "init", "guessedtype": "function"}, "install": {"guessedname": "install", "guessedtype": "function"}}, "file": "CSSPlugin.js", "guessedtype": "function", "shortname": "CSSPlugin", "properties": {"cssSuffixMap": {"type": "Object", "static": "", "description": "Defines the default suffix map for CSS tweens. This can be overridden on a per tween basis by specifying a\r\ncssSuffixMap value for the individual tween. The object maps CSS property names to the suffix to use when\r\nreading or setting those properties. For example a map in the form {top:\"px\"} specifies that when tweening\r\nthe \"top\" CSS property, it should use the \"px\" suffix (ex. target.style.top = \"20.5px\"). This only applies\r\nto tweens with the \"css\" config property set to true.", "guessedname": "cssSuffixMap", "guessedtype": "property"}}, "description": "TODO."}}, "version": "NEXT", "modules": {"TweenJS": {"description": "The TweenJS Javascript library provides a simple but powerful tweening interface. It allows you to chain tweens and\r\nactions together to create complex sequences. For example:<br/>\r\nTween.get(target).wait(500).to({alpha:0,visible:false},1000).call(onComplete);<br/>\r\nThis tween will wait 0.5s, tween the target's alpha property to 0 over 1s, set it's visible to false, then call the onComplete function.", "submodules": [], "classlist": ["CSSPlugin", "Ease", "Timeline", "Tween"], "filelist": ["CSSPlugin.js", "Ease.js", "Timeline.js", "Tween.js"], "subdata": {}, "name": "TweenJS"}}, "filemap": {"Tween.js": {"classlist": ["Tween"], "name": "Tween.js", "module": "TweenJS"}, "CSSPlugin.js": {"classlist": ["CSSPlugin"], "name": "CSSPlugin.js", "module": "TweenJS"}, "Ease.js": {"classlist": ["Ease"], "name": "Ease.js", "module": "TweenJS"}, "Timeline.js": {"classlist": ["Timeline"], "name": "Timeline.js", "module": "TweenJS"}}}