{
    "project": {
        "version": "NEXT",
        "name": "TweenJS",
        "description": "Tween JS API.",
        "url": "http://www.createjs.com/#!/TweenJS",
        "logo": "http://alpha.createjs.com/resources/SuiteIcons/TweenJS/TweenJS_64x64.png"
    },
    "files": {
        "../src/tweenjs/CSSPlugin.js": {
            "name": "../src/tweenjs/CSSPlugin.js",
            "modules": {},
            "classes": {
                "CSSPlugin": 1
            },
            "fors": {},
            "namespaces": {}
        },
        "../src/tweenjs/Ease.js": {
            "name": "../src/tweenjs/Ease.js",
            "modules": {},
            "classes": {
                "Ease": 1
            },
            "fors": {},
            "namespaces": {}
        },
        "../src/tweenjs/MotionGuidePlugin.js": {
            "name": "../src/tweenjs/MotionGuidePlugin.js",
            "modules": {},
            "classes": {
                "MotionGuidePlugin": 1
            },
            "fors": {},
            "namespaces": {}
        },
        "../src/tweenjs/SamplePlugin.js": {
            "name": "../src/tweenjs/SamplePlugin.js",
            "modules": {},
            "classes": {
                "SamplePlugin": 1
            },
            "fors": {},
            "namespaces": {}
        },
        "../src/tweenjs/Timeline.js": {
            "name": "../src/tweenjs/Timeline.js",
            "modules": {},
            "classes": {
                "Timeline": 1
            },
            "fors": {},
            "namespaces": {}
        },
        "../src/tweenjs/Tween.js": {
            "name": "../src/tweenjs/Tween.js",
            "modules": {
                "TweenJS": 1
            },
            "classes": {
                "Tween": 1
            },
            "fors": {},
            "namespaces": {}
        }
    },
    "modules": {
        "TweenJS": {
            "name": "TweenJS",
            "submodules": {},
            "classes": {
                "CSSPlugin": 1,
                "Ease": 1,
                "MotionGuidePlugin": 1,
                "SamplePlugin": 1,
                "Timeline": 1,
                "Tween": 1
            },
            "fors": {},
            "namespaces": {},
            "tag": "module",
            "file": "../src/tweenjs/Tween.js",
            "line": 44,
            "description": "The TweenJS Javascript library provides a simple but powerful tweening interface. It allows you to chain tweens and\nactions together to create complex sequences. For example:<br/>\nFor example:<br/>Tween.get(target).wait(500).to({alpha:0,visible:false},1000).call(onComplete);<br/>\nThis tween will wait 0.5s, tween the target's alpha property to 0 over 1s, set it's visible to false, then call the onComplete function."
        }
    },
    "classes": {
        "CSSPlugin": {
            "name": "CSSPlugin",
            "shortname": "CSSPlugin",
            "classitems": [],
            "plugins": [],
            "extensions": [],
            "plugin_for": [],
            "extension_for": [],
            "module": "TweenJS",
            "file": "../src/tweenjs/CSSPlugin.js",
            "line": 33,
            "description": "A TweenJS plugin for working with numeric CSS string properties (ex. top, left). To use simply call\nCSSPlugin.install() after TweenJS has loaded. You can adjust the CSS properties it will work with by\nmodifying the cssSuffixMap property.",
            "is_constructor": 1
        },
        "Ease": {
            "name": "Ease",
            "shortname": "Ease",
            "classitems": [],
            "plugins": [],
            "extensions": [],
            "plugin_for": [],
            "extension_for": [],
            "module": "TweenJS",
            "file": "../src/tweenjs/Ease.js",
            "line": 35,
            "description": "The Ease class provides a collection of easing functions for use with TweenJS.\nIt does not use the standard 4 param easing signature. Instead it uses a single param\nwhich indicates the current linear ratio (0 to 1) of the tween.<br/>\n<br/>\nMost methods on Ease can be passed directly as easing functions:<br/>\nTween.get(target).to({x:100}, 500, Ease.linear);<br/>\n<br/>\nHowever, methods beginning with \"get\" will return an easing function based on parameter values:<br/>\nTween.get(target).to({y:200}, 500, Ease.getPowIn(2.2));<br/>\n<br/>\nEquations derived from work by Robert Penner.",
            "static": 1
        },
        "MotionGuidePlugin": {
            "name": "MotionGuidePlugin",
            "shortname": "MotionGuidePlugin",
            "classitems": [],
            "plugins": [],
            "extensions": [],
            "plugin_for": [],
            "extension_for": [],
            "module": "TweenJS",
            "file": "../src/tweenjs/MotionGuidePlugin.js",
            "line": 33,
            "description": "A TweenJS plugin for working with motion guides. To use run MotionGuidePlugin.install() after TweenJS has\nloaded. Next tween the 'guide' property with an object as detailed below. @example\n\t\t// Using a Motion Guide\n\t\tTween.get(target).to({guide:{ path:[0,0, 0,200,200,200, 200,0,0,0] }},7000);<br/>\n\t\t// Visualizing the line\n\t\tgraphics.moveTo(0,0).curveTo(0,200,200,200).curveTo(200,0,0,0);\nEach path needs pre-computation to ensure there's fast performance. Because of the pre-computation there's no\nbuilt in support for path changes mid tween. These are the Guide Object's properties:<UL>\n<LI> path: Required, Array : The x/y points used to draw the path with a moveTo and 1 to n curveTo calls.</LI>\n<LI> start: Optional, 0-1 : Initial position, default 0 except for when continuing along the same path.</LI>\n<LI> end: Optional, 0-1 : Final position, default 1 if not specified.</LI>\n<LI> orient: Optional, bool : Set the target's rotation parallel to the curve at its position.</LI>\n</UL>\nGuide objects should not be shared between tweens even if all properties are identical, the library stores\ninformation on these objects in the background and sharing them can cause unexpected behaviour. Values\noutside 0-1 range of tweens will be a \"best guess\" from the appropriate part of the defined curve.",
            "is_constructor": 1
        },
        "SamplePlugin": {
            "name": "SamplePlugin",
            "shortname": "SamplePlugin",
            "classitems": [],
            "plugins": [],
            "extensions": [],
            "plugin_for": [],
            "extension_for": [],
            "module": "TweenJS",
            "file": "../src/tweenjs/SamplePlugin.js",
            "line": 33,
            "description": "A sample TweenJS plugin. This plugin does not actually affect tweens in any way, it's\nmerely intended to document how to build TweenJS plugins. Please look at the code for\ninline comments.<br/><br/>\nA TweenJS plugin is simply an object that exposes one property (priority), and three\nmethods (init, step, and tween). Generally a plugin will also expose an install method\nas well, though this is not strictly necessary.",
            "is_constructor": 1
        },
        "Timeline": {
            "name": "Timeline",
            "shortname": "Timeline",
            "classitems": [],
            "plugins": [],
            "extensions": [],
            "plugin_for": [],
            "extension_for": [],
            "module": "TweenJS",
            "file": "../src/tweenjs/Timeline.js",
            "line": 35,
            "description": "The Timeline class synchronizes multiple tweens and allows them to be controlled as a group.",
            "params": [
                {
                    "name": "tweens",
                    "description": "An array of Tweens to add to this timeline. See addTween for more info."
                },
                {
                    "name": "labels",
                    "description": "An object defining labels for using gotoAndPlay/Stop. See setLabels for details."
                },
                {
                    "name": "props",
                    "description": "The configuration properties to apply to this tween instance (ex. ). All properties default to false. Supported props are:<UL>\n   <LI> loop: sets the loop property on this tween.</LI>\n   <LI> useTicks: uses ticks for all durations instead of milliseconds.</LI>\n   <LI> ignoreGlobalPause: sets the ignoreGlobalPause property on this tween.</LI>\n   <LI> paused: indicates whether to start the tween paused.</LI>\n   <LI> position: indicates the initial position for this timeline.</LI>\n   <LI> onChanged: specifies an onChange handler for this timeline.</LI>\n</UL>",
                    "type": "Loop:true"
                }
            ],
            "is_constructor": 1
        },
        "Tween": {
            "name": "Tween",
            "shortname": "Tween",
            "classitems": [],
            "plugins": [],
            "extensions": [],
            "plugin_for": [],
            "extension_for": [],
            "module": "TweenJS",
            "namespace": "",
            "file": "../src/tweenjs/Tween.js",
            "line": 44,
            "description": "Returns a new Tween instance. See Tween.get for param documentation.",
            "is_constructor": 1
        }
    },
    "classitems": [
        {
            "file": "../src/tweenjs/CSSPlugin.js",
            "line": 45,
            "description": "Defines the default suffix map for CSS tweens. This can be overridden on a per tween basis by specifying a\ncssSuffixMap value for the individual tween. The object maps CSS property names to the suffix to use when\nreading or setting those properties. For example a map in the form {top:\"px\"} specifies that when tweening\nthe \"top\" CSS property, it should use the \"px\" suffix (ex. target.style.top = \"20.5px\"). This only applies\nto tweens with the \"css\" config property set to true.",
            "itemtype": "property",
            "name": "cssSuffixMap",
            "type": "Object",
            "static": 1,
            "class": "CSSPlugin"
        },
        {
            "file": "../src/tweenjs/CSSPlugin.js",
            "line": 57,
            "itemtype": "property",
            "name": "priority",
            "access": "protected",
            "tagname": "",
            "static": 1,
            "class": "CSSPlugin"
        },
        {
            "file": "../src/tweenjs/CSSPlugin.js",
            "line": 64,
            "description": "Installs this plugin for use with TweenJS. Call this once after TweenJS is loaded to enable this plugin.",
            "itemtype": "method",
            "name": "install",
            "static": 1,
            "class": "CSSPlugin"
        },
        {
            "file": "../src/tweenjs/CSSPlugin.js",
            "line": 76,
            "itemtype": "method",
            "name": "init",
            "access": "protected",
            "tagname": "",
            "static": 1,
            "class": "CSSPlugin"
        },
        {
            "file": "../src/tweenjs/CSSPlugin.js",
            "line": 94,
            "itemtype": "method",
            "name": "step",
            "access": "protected",
            "tagname": "",
            "static": 1,
            "class": "CSSPlugin"
        },
        {
            "file": "../src/tweenjs/CSSPlugin.js",
            "line": 104,
            "itemtype": "method",
            "name": "tween",
            "access": "protected",
            "tagname": "",
            "static": 1,
            "class": "CSSPlugin"
        },
        {
            "file": "../src/tweenjs/Ease.js",
            "line": 55,
            "itemtype": "method",
            "name": "linear",
            "static": 1,
            "class": "Ease"
        },
        {
            "file": "../src/tweenjs/Ease.js",
            "line": 61,
            "description": "Identical to linear.",
            "itemtype": "method",
            "name": "none",
            "static": 1,
            "class": "Ease"
        },
        {
            "file": "../src/tweenjs/Ease.js",
            "line": 68,
            "description": "Mimics the simple -100 to 100 easing in Flash Pro.",
            "itemtype": "method",
            "name": "get",
            "params": [
                {
                    "name": "amount",
                    "description": "A value from -1 (ease in) to 1 (ease out) indicating the strength and direction of the ease."
                }
            ],
            "static": 1,
            "class": "Ease"
        },
        {
            "file": "../src/tweenjs/Ease.js",
            "line": 84,
            "description": "Configurable exponential ease.",
            "itemtype": "method",
            "name": "getPowIn",
            "params": [
                {
                    "name": "pow",
                    "description": "The exponent to use (ex. 3 would return a cubic ease)."
                }
            ],
            "static": 1,
            "class": "Ease"
        },
        {
            "file": "../src/tweenjs/Ease.js",
            "line": 97,
            "description": "Configurable exponential ease.",
            "itemtype": "method",
            "name": "getPowOut",
            "params": [
                {
                    "name": "pow",
                    "description": "The exponent to use (ex. 3 would return a cubic ease)."
                }
            ],
            "static": 1,
            "class": "Ease"
        },
        {
            "file": "../src/tweenjs/Ease.js",
            "line": 110,
            "description": "Configurable exponential ease.",
            "itemtype": "method",
            "name": "getPowInOut",
            "params": [
                {
                    "name": "pow",
                    "description": "The exponent to use (ex. 3 would return a cubic ease)."
                }
            ],
            "static": 1,
            "class": "Ease"
        },
        {
            "file": "../src/tweenjs/Ease.js",
            "line": 124,
            "itemtype": "method",
            "name": "quadIn",
            "static": 1,
            "class": "Ease"
        },
        {
            "file": "../src/tweenjs/Ease.js",
            "line": 129,
            "itemtype": "method",
            "name": "quadOut",
            "static": 1,
            "class": "Ease"
        },
        {
            "file": "../src/tweenjs/Ease.js",
            "line": 134,
            "itemtype": "method",
            "name": "quadInOut",
            "static": 1,
            "class": "Ease"
        },
        {
            "file": "../src/tweenjs/Ease.js",
            "line": 141,
            "itemtype": "method",
            "name": "cubicIn",
            "static": 1,
            "class": "Ease"
        },
        {
            "file": "../src/tweenjs/Ease.js",
            "line": 146,
            "itemtype": "method",
            "name": "cubicOut",
            "static": 1,
            "class": "Ease"
        },
        {
            "file": "../src/tweenjs/Ease.js",
            "line": 151,
            "itemtype": "method",
            "name": "cubicInOut",
            "static": 1,
            "class": "Ease"
        },
        {
            "file": "../src/tweenjs/Ease.js",
            "line": 158,
            "itemtype": "method",
            "name": "quartIn",
            "static": 1,
            "class": "Ease"
        },
        {
            "file": "../src/tweenjs/Ease.js",
            "line": 163,
            "itemtype": "method",
            "name": "quartOut",
            "static": 1,
            "class": "Ease"
        },
        {
            "file": "../src/tweenjs/Ease.js",
            "line": 168,
            "itemtype": "method",
            "name": "quartInOut",
            "static": 1,
            "class": "Ease"
        },
        {
            "file": "../src/tweenjs/Ease.js",
            "line": 175,
            "itemtype": "method",
            "name": "quintIn",
            "static": 1,
            "class": "Ease"
        },
        {
            "file": "../src/tweenjs/Ease.js",
            "line": 180,
            "itemtype": "method",
            "name": "quintOut",
            "static": 1,
            "class": "Ease"
        },
        {
            "file": "../src/tweenjs/Ease.js",
            "line": 185,
            "itemtype": "method",
            "name": "quintInOut",
            "static": 1,
            "class": "Ease"
        },
        {
            "file": "../src/tweenjs/Ease.js",
            "line": 192,
            "itemtype": "method",
            "name": "sineIn",
            "static": 1,
            "class": "Ease"
        },
        {
            "file": "../src/tweenjs/Ease.js",
            "line": 200,
            "itemtype": "method",
            "name": "sineOut",
            "static": 1,
            "class": "Ease"
        },
        {
            "file": "../src/tweenjs/Ease.js",
            "line": 208,
            "itemtype": "method",
            "name": "sineInOut",
            "static": 1,
            "class": "Ease"
        },
        {
            "file": "../src/tweenjs/Ease.js",
            "line": 217,
            "description": "Configurable \"back in\" ease.",
            "itemtype": "method",
            "name": "getBackIn",
            "params": [
                {
                    "name": "amount",
                    "description": "The strength of the ease."
                }
            ],
            "static": 1,
            "class": "Ease"
        },
        {
            "file": "../src/tweenjs/Ease.js",
            "line": 228,
            "itemtype": "method",
            "name": "backIn",
            "static": 1,
            "class": "Ease"
        },
        {
            "file": "../src/tweenjs/Ease.js",
            "line": 234,
            "description": "Configurable \"back out\" ease.",
            "itemtype": "method",
            "name": "getBackOut",
            "params": [
                {
                    "name": "amount",
                    "description": "The strength of the ease."
                }
            ],
            "static": 1,
            "class": "Ease"
        },
        {
            "file": "../src/tweenjs/Ease.js",
            "line": 245,
            "itemtype": "method",
            "name": "backOut",
            "static": 1,
            "class": "Ease"
        },
        {
            "file": "../src/tweenjs/Ease.js",
            "line": 251,
            "description": "Configurable \"back in out\" ease.",
            "itemtype": "method",
            "name": "getBackInOut",
            "params": [
                {
                    "name": "amount",
                    "description": "The strength of the ease."
                }
            ],
            "static": 1,
            "class": "Ease"
        },
        {
            "file": "../src/tweenjs/Ease.js",
            "line": 264,
            "itemtype": "method",
            "name": "backInOut",
            "static": 1,
            "class": "Ease"
        },
        {
            "file": "../src/tweenjs/Ease.js",
            "line": 271,
            "itemtype": "method",
            "name": "circIn",
            "static": 1,
            "class": "Ease"
        },
        {
            "file": "../src/tweenjs/Ease.js",
            "line": 279,
            "itemtype": "method",
            "name": "circOut",
            "static": 1,
            "class": "Ease"
        },
        {
            "file": "../src/tweenjs/Ease.js",
            "line": 287,
            "itemtype": "method",
            "name": "circInOut",
            "static": 1,
            "class": "Ease"
        },
        {
            "file": "../src/tweenjs/Ease.js",
            "line": 296,
            "itemtype": "method",
            "name": "bounceIn",
            "static": 1,
            "class": "Ease"
        },
        {
            "file": "../src/tweenjs/Ease.js",
            "line": 304,
            "itemtype": "method",
            "name": "bounceOut",
            "static": 1,
            "class": "Ease"
        },
        {
            "file": "../src/tweenjs/Ease.js",
            "line": 320,
            "itemtype": "method",
            "name": "bounceInOut",
            "static": 1,
            "class": "Ease"
        },
        {
            "file": "../src/tweenjs/Ease.js",
            "line": 330,
            "description": "Configurable elastic ease.",
            "itemtype": "method",
            "name": "getElasticIn",
            "params": [
                {
                    "name": "amplitude",
                    "description": ""
                },
                {
                    "name": "period",
                    "description": ""
                }
            ],
            "static": 1,
            "class": "Ease"
        },
        {
            "file": "../src/tweenjs/Ease.js",
            "line": 345,
            "itemtype": "method",
            "name": "elasticIn",
            "static": 1,
            "class": "Ease"
        },
        {
            "file": "../src/tweenjs/Ease.js",
            "line": 351,
            "description": "Configurable elastic ease.",
            "itemtype": "method",
            "name": "getElasticOut",
            "params": [
                {
                    "name": "amplitude",
                    "description": ""
                },
                {
                    "name": "period",
                    "description": ""
                }
            ],
            "static": 1,
            "class": "Ease"
        },
        {
            "file": "../src/tweenjs/Ease.js",
            "line": 366,
            "itemtype": "method",
            "name": "elasticOut",
            "static": 1,
            "class": "Ease"
        },
        {
            "file": "../src/tweenjs/Ease.js",
            "line": 372,
            "description": "Configurable elastic ease.",
            "itemtype": "method",
            "name": "getElasticInOut",
            "params": [
                {
                    "name": "amplitude",
                    "description": ""
                },
                {
                    "name": "period",
                    "description": ""
                }
            ],
            "static": 1,
            "class": "Ease"
        },
        {
            "file": "../src/tweenjs/Ease.js",
            "line": 387,
            "itemtype": "method",
            "name": "elasticInOut",
            "static": 1,
            "class": "Ease"
        },
        {
            "file": "../src/tweenjs/MotionGuidePlugin.js",
            "line": 59,
            "itemtype": "property",
            "name": "priority",
            "access": "protected",
            "tagname": "",
            "static": 1,
            "class": "MotionGuidePlugin"
        },
        {
            "file": "../src/tweenjs/MotionGuidePlugin.js",
            "line": 66,
            "description": "Installs this plugin for use with TweenJS. Call this once after TweenJS is loaded to enable this plugin.",
            "itemtype": "method",
            "name": "install",
            "static": 1,
            "class": "MotionGuidePlugin"
        },
        {
            "file": "../src/tweenjs/MotionGuidePlugin.js",
            "line": 76,
            "itemtype": "method",
            "name": "init",
            "access": "protected",
            "tagname": "",
            "static": 1,
            "class": "MotionGuidePlugin"
        },
        {
            "file": "../src/tweenjs/MotionGuidePlugin.js",
            "line": 89,
            "itemtype": "method",
            "name": "step",
            "access": "protected",
            "tagname": "",
            "static": 1,
            "class": "MotionGuidePlugin"
        },
        {
            "file": "../src/tweenjs/MotionGuidePlugin.js",
            "line": 140,
            "itemtype": "method",
            "name": "tween",
            "access": "protected",
            "tagname": "",
            "static": 1,
            "class": "MotionGuidePlugin"
        },
        {
            "file": "../src/tweenjs/MotionGuidePlugin.js",
            "line": 159,
            "description": "Determine the appropriate x/y/rotation information about a path for a given ratio along the path.\nAssumes a path object with all optional parameters specified.",
            "params": [
                {
                    "name": "data",
                    "description": "Data object you would pass to the \"guide:\" property in a Tween"
                },
                {
                    "name": "ratio",
                    "description": "0-1 Distance along path, values outside 0-1 are \"best guess\""
                },
                {
                    "name": "target",
                    "description": "Object to copy the results onto, will use a new object if not supplied."
                }
            ],
            "return": {
                "description": "The target object or a new object w/ the tweened properties",
                "type": "Object"
            },
            "static": 1,
            "class": "MotionGuidePlugin"
        },
        {
            "file": "../src/tweenjs/SamplePlugin.js",
            "line": 48,
            "description": "Used by TweenJS to determine when to call this plugin. Plugins with higher priority\nhave their methods called before plugins with lower priority. The priority value\ncan be any positive or negative number.",
            "itemtype": "property",
            "name": "priority",
            "static": 1,
            "class": "SamplePlugin"
        },
        {
            "file": "../src/tweenjs/SamplePlugin.js",
            "line": 57,
            "description": "Installs this plugin for use with TweenJS, and registers for a list of properties\nthat this plugin will operate with. Call this once after TweenJS is loaded\nto enable this plugin.",
            "itemtype": "method",
            "name": "install",
            "static": 1,
            "class": "SamplePlugin"
        },
        {
            "file": "../src/tweenjs/SamplePlugin.js",
            "line": 69,
            "description": "Called by TweenJS when a new tween property initializes that this plugin is\nregistered for. Generally, the call to Plugin.init will be immediately followed by a\ncall to Plugin.to.",
            "itemtype": "method",
            "name": "init",
            "params": [
                {
                    "name": "tween",
                    "description": "The related tween instance.",
                    "type": "Tween"
                },
                {
                    "name": "prop",
                    "description": "The name of the property that is being initialized.",
                    "type": "String"
                },
                {
                    "name": "value",
                    "description": "The current value of the property on the tween's target.",
                    "type": "Any"
                }
            ],
            "return": {
                "description": "The starting tween value for the property. In most cases, you would simply\nreturn the value parameter, but some plugins may need to modify the starting value.",
                "type": "Any"
            },
            "static": 1,
            "class": "SamplePlugin"
        },
        {
            "file": "../src/tweenjs/SamplePlugin.js",
            "line": 88,
            "description": "Called by TweenJS when a new step is added to a tween that includes a property the\nplugin is registered for (ie. a new \"to\" action is added to a tween).",
            "itemtype": "method",
            "name": "init",
            "params": [
                {
                    "name": "tween",
                    "description": "The related tween instance.",
                    "type": "Tween"
                },
                {
                    "name": "prop",
                    "description": "The name of the property being tweened.",
                    "type": "String"
                },
                {
                    "name": "startValue",
                    "description": "The value of the property at the beginning of the step. This will\nbe the same as the init value if this is the first step, or the same as the\nendValue of the previous step if not.",
                    "type": "Any"
                },
                {
                    "name": "injectProps",
                    "description": "A generic object to which the plugin can append other properties which should be updated on this step.",
                    "type": "Object"
                },
                {
                    "name": "endValue",
                    "description": "The value of the property at the end of the step.",
                    "type": "Any"
                }
            ],
            "static": 1,
            "class": "SamplePlugin"
        },
        {
            "file": "../src/tweenjs/SamplePlugin.js",
            "line": 105,
            "description": "Called when a tween property advances that this plugin is registered for.",
            "itemtype": "method",
            "name": "tween",
            "params": [
                {
                    "name": "tween",
                    "description": "The related tween instance.",
                    "type": "Tween"
                },
                {
                    "name": "prop",
                    "description": "The name of the property being tweened.",
                    "type": "String"
                },
                {
                    "name": "value",
                    "description": "The current tweened value of the property, as calculated by TweenJS.",
                    "type": "Any"
                },
                {
                    "name": "startValues",
                    "description": "A hash of all of the property values at the start of the current\nstep. You could access the start value of the current property using\nstartValues[prop].",
                    "type": "Object"
                },
                {
                    "name": "endValues",
                    "description": "A hash of all of the property values at the end of the current\nstep.",
                    "type": "Object"
                },
                {
                    "name": "ratio",
                    "description": "A value indicating the eased progress through the current step. This\nnumber is generally between 0 and 1, though some eases will generate values outside\nthis range.",
                    "type": "Number"
                },
                {
                    "name": "wait",
                    "description": "Indicates whether the current step is a \"wait\" step.",
                    "type": "Boolean"
                },
                {
                    "name": "end",
                    "description": "Indicates that the tween has reached the end.",
                    "type": "Boolean"
                }
            ],
            "return": {
                "description": "Return the value that should be assigned to the target property. For example\nreturning <code>Math.round(value)</code> would assign the default calculated value\nas an integer. Returning Tween.IGNORE will prevent Tween from assigning a value to\nthe target property.",
                "type": "Any"
            },
            "static": 1,
            "class": "SamplePlugin"
        },
        {
            "file": "../src/tweenjs/Timeline.js",
            "line": 57,
            "description": "Causes this timeline to continue playing when a global pause is active.",
            "itemtype": "property",
            "name": "ignoreGlobalPause",
            "type": "Boolean",
            "class": "Timeline"
        },
        {
            "file": "../src/tweenjs/Timeline.js",
            "line": 64,
            "description": "Read-only property specifying the total duration of this timeline in milliseconds (or ticks if useTicks is true).\nThis value is usually automatically updated as you modify the timeline. See updateDuration for more information.",
            "itemtype": "property",
            "name": "duration",
            "type": "Number",
            "class": "Timeline"
        },
        {
            "file": "../src/tweenjs/Timeline.js",
            "line": 72,
            "description": "If true, the timeline will loop when it reaches the end. Can be set via the props param.",
            "itemtype": "property",
            "name": "loop",
            "type": "Boolean",
            "class": "Timeline"
        },
        {
            "file": "../src/tweenjs/Timeline.js",
            "line": 79,
            "description": "Called, with a single parameter referencing this timeline instance, whenever the timeline's position changes.",
            "itemtype": "property",
            "name": "onChange",
            "type": "Function",
            "class": "Timeline"
        },
        {
            "file": "../src/tweenjs/Timeline.js",
            "line": 86,
            "description": "Read-only. The current normalized position of the timeline. This will always be a value between 0 and duration.\nChanging this property directly will have no effect.",
            "itemtype": "property",
            "name": "position",
            "type": "Object",
            "class": "Timeline"
        },
        {
            "file": "../src/tweenjs/Timeline.js",
            "line": 96,
            "itemtype": "property",
            "name": "_paused",
            "type": "Boolean",
            "access": "protected",
            "tagname": "",
            "class": "Timeline"
        },
        {
            "file": "../src/tweenjs/Timeline.js",
            "line": 103,
            "itemtype": "property",
            "name": "_tweens",
            "type": "Array[Tween]",
            "access": "protected",
            "tagname": "",
            "class": "Timeline"
        },
        {
            "file": "../src/tweenjs/Timeline.js",
            "line": 110,
            "itemtype": "property",
            "name": "_labels",
            "type": "Array[String]",
            "access": "protected",
            "tagname": "",
            "class": "Timeline"
        },
        {
            "file": "../src/tweenjs/Timeline.js",
            "line": 117,
            "itemtype": "property",
            "name": "_prevPosition",
            "type": "Number",
            "access": "protected",
            "tagname": "",
            "class": "Timeline"
        },
        {
            "file": "../src/tweenjs/Timeline.js",
            "line": 124,
            "itemtype": "property",
            "name": "_prevPos",
            "type": "Number",
            "access": "protected",
            "tagname": "",
            "class": "Timeline"
        },
        {
            "file": "../src/tweenjs/Timeline.js",
            "line": 131,
            "itemtype": "property",
            "name": "_useTicks",
            "type": "Boolean",
            "access": "protected",
            "tagname": "",
            "class": "Timeline"
        },
        {
            "file": "../src/tweenjs/Timeline.js",
            "line": 139,
            "description": "Initialization method.",
            "itemtype": "method",
            "name": "initialize",
            "access": "protected",
            "tagname": "",
            "class": "Timeline"
        },
        {
            "file": "../src/tweenjs/Timeline.js",
            "line": 160,
            "description": "Adds one or more tweens (or timelines) to this timeline. The tweens will be paused (to remove them from the normal ticking system)\nand managed by this timeline. Adding a tween to multiple timelines will result in unexpected behaviour.",
            "itemtype": "method",
            "name": "addTween",
            "params": [
                {
                    "name": "tween",
                    "description": "The tween(s) to add. Accepts multiple arguments."
                }
            ],
            "return": {
                "description": "Tween The first tween that was passed in."
            },
            "class": "Timeline"
        },
        {
            "file": "../src/tweenjs/Timeline.js",
            "line": 183,
            "description": "Removes one or more tweens from this timeline.",
            "itemtype": "method",
            "name": "removeTween",
            "params": [
                {
                    "name": "tween",
                    "description": "The tween(s) to remove. Accepts multiple arguments."
                }
            ],
            "return": {
                "description": "Boolean Returns true if all of the tweens were successfully removed."
            },
            "class": "Timeline"
        },
        {
            "file": "../src/tweenjs/Timeline.js",
            "line": 204,
            "description": "Adds a label that can be used with gotoAndPlay/Stop.",
            "itemtype": "method",
            "name": "addLabel",
            "params": [
                {
                    "name": "label",
                    "description": "The label name."
                },
                {
                    "name": "position",
                    "description": "The position this label represents."
                }
            ],
            "class": "Timeline"
        },
        {
            "file": "../src/tweenjs/Timeline.js",
            "line": 214,
            "description": "Defines labels for use with gotoAndPlay/Stop. Overwrites any previously set labels.",
            "itemtype": "method",
            "name": "addLabel",
            "params": [
                {
                    "name": "o",
                    "description": "An object defining labels for using gotoAndPlay/Stop in the form  where time is in ms (or ticks if useTicks is true).",
                    "type": "LabelName:time"
                }
            ],
            "class": "Timeline"
        },
        {
            "file": "../src/tweenjs/Timeline.js",
            "line": 223,
            "description": "Unpauses this timeline and jumps to the specified position or label.",
            "itemtype": "method",
            "name": "gotoAndPlay",
            "params": [
                {
                    "name": "positionOrLabel",
                    "description": "The position in milliseconds (or ticks if useTicks is true) or label to jump to."
                }
            ],
            "class": "Timeline"
        },
        {
            "file": "../src/tweenjs/Timeline.js",
            "line": 233,
            "description": "Pauses this timeline and jumps to the specified position or label.",
            "itemtype": "method",
            "name": "gotoAndStop",
            "params": [
                {
                    "name": "positionOrLabel",
                    "description": "The position in milliseconds (or ticks if useTicks is true) or label to jump to."
                }
            ],
            "class": "Timeline"
        },
        {
            "file": "../src/tweenjs/Timeline.js",
            "line": 243,
            "description": "Advances the timeline to the specified position.",
            "itemtype": "method",
            "name": "setPosition",
            "params": [
                {
                    "name": "value",
                    "description": "The position to seek to in milliseconds (or ticks if useTicks is true)."
                },
                {
                    "name": "actionsMode",
                    "description": "Optional parameter specifying how actions are handled. See Tween.setPosition for more details."
                }
            ],
            "return": {
                "description": "Boolean Returns true if the timeline is complete (ie. the full timeline has run & loop is false)."
            },
            "class": "Timeline"
        },
        {
            "file": "../src/tweenjs/Timeline.js",
            "line": 266,
            "description": "Pauses or plays this timeline.",
            "itemtype": "method",
            "name": "setPaused",
            "params": [
                {
                    "name": "value",
                    "description": "Indicates whether the tween should be paused (true) or played (false)."
                }
            ],
            "class": "Timeline"
        },
        {
            "file": "../src/tweenjs/Timeline.js",
            "line": 276,
            "description": "Recalculates the duration of the timeline.\nThe duration is automatically updated when tweens are added or removed, but this method is useful \nif you modify a tween after it was added to the timeline.",
            "itemtype": "method",
            "name": "updateDuration",
            "class": "Timeline"
        },
        {
            "file": "../src/tweenjs/Timeline.js",
            "line": 290,
            "description": "Advances this timeline by the specified amount of time in milliseconds (or ticks if useTicks is true).\nThis is normally called automatically by the Tween engine (via Tween.tick), but is exposed for advanced uses.",
            "itemtype": "method",
            "name": "tick",
            "params": [
                {
                    "name": "delta",
                    "description": "The time to advance in milliseconds (or ticks if useTicks is true)."
                }
            ],
            "class": "Timeline"
        },
        {
            "file": "../src/tweenjs/Timeline.js",
            "line": 300,
            "description": "If a numeric position is passed, it is returned unchanged. If a string is passed, the position of the\ncorresponding frame label will be returned, or null if a matching label is not defined.",
            "itemtype": "method",
            "name": "resolve",
            "params": [
                {
                    "name": "positionOrLabel",
                    "description": "A numeric position value or label string."
                }
            ],
            "class": "Timeline"
        },
        {
            "file": "../src/tweenjs/Timeline.js",
            "line": 312,
            "description": "Returns a string representation of this object.",
            "itemtype": "method",
            "name": "toString",
            "return": {
                "description": "a string representation of the instance.",
                "type": "String"
            },
            "class": "Timeline"
        },
        {
            "file": "../src/tweenjs/Timeline.js",
            "line": 321,
            "itemtype": "method",
            "name": "clone",
            "access": "protected",
            "tagname": "",
            "class": "Timeline"
        },
        {
            "file": "../src/tweenjs/Timeline.js",
            "line": 330,
            "itemtype": "method",
            "name": "_goto",
            "access": "protected",
            "tagname": "",
            "class": "Timeline"
        },
        {
            "file": "../src/tweenjs/Tween.js",
            "line": 55,
            "description": "Constant defining the none actionsMode for use with setPosition.",
            "itemtype": "property",
            "name": "NONE",
            "type": "Number",
            "default": "0",
            "static": 1,
            "class": "Tween",
            "module": "TweenJS"
        },
        {
            "file": "../src/tweenjs/Tween.js",
            "line": 64,
            "description": "Constant defining the loop actionsMode for use with setPosition.",
            "itemtype": "property",
            "name": "LOOP",
            "type": "Number",
            "default": "1",
            "static": 1,
            "class": "Tween",
            "module": "TweenJS"
        },
        {
            "file": "../src/tweenjs/Tween.js",
            "line": 73,
            "description": "Constant defining the reverse actionsMode for use with setPosition.",
            "itemtype": "property",
            "name": "REVERSE",
            "type": "Number",
            "default": "2",
            "static": 1,
            "class": "Tween",
            "module": "TweenJS"
        },
        {
            "file": "../src/tweenjs/Tween.js",
            "line": 82,
            "description": "Constant returned by plugins to tell the tween not to use default assignment.",
            "itemtype": "property",
            "name": "IGNORE",
            "type": "Object",
            "static": 1,
            "class": "Tween",
            "module": "TweenJS"
        },
        {
            "file": "../src/tweenjs/Tween.js",
            "line": 90,
            "itemtype": "property",
            "name": "_listeners",
            "type": "Array[Tween]",
            "static": 1,
            "access": "protected",
            "tagname": "",
            "class": "Tween",
            "module": "TweenJS"
        },
        {
            "file": "../src/tweenjs/Tween.js",
            "line": 98,
            "itemtype": "property",
            "name": "_plugins",
            "type": "Object",
            "static": 1,
            "access": "protected",
            "tagname": "",
            "class": "Tween",
            "module": "TweenJS"
        },
        {
            "file": "../src/tweenjs/Tween.js",
            "line": 106,
            "description": "Returns a new tween instance. This is functionally identical to using \"new Tween(...)\", but looks cleaner\nwith the chained syntax of TweenJS.",
            "itemtype": "method",
            "name": "get",
            "static": 1,
            "params": [
                {
                    "name": "target",
                    "description": "The target object that will have its properties tweened.",
                    "type": "Object"
                },
                {
                    "name": "props",
                    "description": "The configuration properties to apply to this tween instance (ex. {loop:true, paused:true}).\nAll properties default to false. Supported props are:<UL>\n   <LI> loop: sets the loop property on this tween.</LI>\n   <LI> useTicks: uses ticks for all durations instead of milliseconds.</LI>\n   <LI> ignoreGlobalPause: sets the ignoreGlobalPause property on this tween.</LI>\n   <LI> override: if true, Tween.removeTweens(target) will be called to remove any other tweens with the same target.\n   <LI> paused: indicates whether to start the tween paused.</LI>\n   <LI> position: indicates the initial position for this tween.</LI>\n   <LI> onChanged: specifies an onChange handler for this tween.</LI>\n</UL>",
                    "type": "Object"
                },
                {
                    "name": "pluginData",
                    "description": "Optional. An object containing data for use by installed plugins. See individual\n     plugins' documentation for details.",
                    "type": "Object"
                },
                {
                    "name": "override",
                    "description": "If true, any previous tweens on the same target will be removed. This is the same as\n     calling Tween.removeTweens(target).",
                    "type": "Boolean"
                }
            ],
            "return": {
                "description": "A reference to the created tween. Additional chained tweens, method calls, or callbacks can be\n     applied to the returned tween instance.",
                "type": "Tween"
            },
            "class": "Tween",
            "module": "TweenJS"
        },
        {
            "file": "../src/tweenjs/Tween.js",
            "line": 134,
            "description": "Advances all tweens. This typically uses the Ticker class (available in the EaselJS library), but you can call it\nmanually if you prefer to use your own \"heartbeat\" implementation.",
            "itemtype": "method",
            "name": "tick",
            "static": 1,
            "params": [
                {
                    "name": "delta",
                    "description": "The change in time in milliseconds since the last tick. Required unless all tweens have\n     useTicks set to true.",
                    "type": "Number"
                },
                {
                    "name": "paused",
                    "description": "Indicates whether a global pause is in effect. Tweens with ignoreGlobalPause will ignore\n     this, but all others will pause if this is true.",
                    "type": "Boolean"
                }
            ],
            "class": "Tween",
            "module": "TweenJS"
        },
        {
            "file": "../src/tweenjs/Tween.js",
            "line": 155,
            "description": "Removes all existing tweens for a target. This is called automatically by new tweens if the \"override\" prop is true.",
            "itemtype": "method",
            "name": "removeTweens",
            "static": 1,
            "params": [
                {
                    "name": "target",
                    "description": "The target object to remove existing tweens from.",
                    "type": "Object"
                }
            ],
            "class": "Tween",
            "module": "TweenJS"
        },
        {
            "file": "../src/tweenjs/Tween.js",
            "line": 173,
            "description": "Indicates whether there are any active tweens on the target object (if specified) or in general.",
            "itemtype": "method",
            "name": "hasActiveTweens",
            "static": 1,
            "params": [
                {
                    "name": "target",
                    "description": "Optional. If not specified, the return value will indicate if there are any active tweens\n     on any target.",
                    "type": "Object"
                }
            ],
            "return": {
                "description": "A boolean indicating whether there are any active tweens.",
                "type": "Boolean"
            },
            "class": "Tween",
            "module": "TweenJS"
        },
        {
            "file": "../src/tweenjs/Tween.js",
            "line": 186,
            "description": "Installs a plugin, which can modify how certain properties are handled when tweened. See the CSSPlugin for an\nexample of how to write TweenJS plugins.",
            "itemtype": "method",
            "name": "installPlugin",
            "static": 1,
            "params": [
                {
                    "name": "plugin",
                    "description": "",
                    "type": "Object"
                },
                {
                    "name": "properties",
                    "description": "",
                    "type": "Array"
                }
            ],
            "class": "Tween",
            "module": "TweenJS"
        },
        {
            "file": "../src/tweenjs/Tween.js",
            "line": 210,
            "description": "Registers or unregisters a tween with the ticking system.",
            "itemtype": "method",
            "name": "_register",
            "static": 1,
            "access": "protected",
            "tagname": "",
            "class": "Tween",
            "module": "TweenJS"
        },
        {
            "file": "../src/tweenjs/Tween.js",
            "line": 230,
            "description": "Causes this tween to continue playing when a global pause is active. For example, if TweenJS is using Ticker,\nthen setting this to true (the default) will cause this tween to be paused when Ticker.setPaused(true) is called.\nSee Tween.tick() for more info. Can be set via the props param.",
            "itemtype": "property",
            "name": "ignoreGlobalPause",
            "type": "Boolean",
            "default": "false",
            "class": "Tween",
            "module": "TweenJS"
        },
        {
            "file": "../src/tweenjs/Tween.js",
            "line": 240,
            "description": "If true, the tween will loop when it reaches the end. Can be set via the props param.",
            "itemtype": "property",
            "name": "loop",
            "type": "Boolean",
            "default": "false",
            "class": "Tween",
            "module": "TweenJS"
        },
        {
            "file": "../src/tweenjs/Tween.js",
            "line": 248,
            "description": "Read-only. Specifies the total duration of this tween in milliseconds (or ticks if useTicks is true).\nThis value is automatically updated as you modify the tween. Changing it directly could result in unexpected\nbehaviour.",
            "itemtype": "property",
            "name": "duration",
            "type": "Number",
            "default": "0",
            "class": "Tween",
            "module": "TweenJS"
        },
        {
            "file": "../src/tweenjs/Tween.js",
            "line": 258,
            "description": "Allows you to specify data that will be used by installed plugins. Each plugin uses this differently, but in general\nyou specify data by setting it to a property of pluginData with the same name as the plugin class.<br/>\nEx. myTween.pluginData.PluginClassName = data;<br/>\n<br/>\nAlso, most plugins support a property to enable or disable them. This is typically the plugin class name followed by \"_enabled\".<br/>\nEx. myTween.pluginData.PluginClassName_enabled = false;<br/>\n<br/>\nSome plugins also store instance data in this object, usually in a property named _PluginClassName.\nSee the documentation for individual plugins for more details.",
            "itemtype": "property",
            "name": "pluginData",
            "type": "Object",
            "class": "Tween",
            "module": "TweenJS"
        },
        {
            "file": "../src/tweenjs/Tween.js",
            "line": 273,
            "description": "Called whenever the tween's position changes with a single parameter referencing this tween instance.",
            "itemtype": "property",
            "name": "onChange",
            "type": "Function",
            "class": "Tween",
            "module": "TweenJS"
        },
        {
            "file": "../src/tweenjs/Tween.js",
            "line": 280,
            "description": "Read-only. The target of this tween. This is the object on which the tweened properties will be changed. Changing \nthis property after the tween is created will not have any effect.",
            "itemtype": "property",
            "name": "target",
            "type": "Object",
            "class": "Tween",
            "module": "TweenJS"
        },
        {
            "file": "../src/tweenjs/Tween.js",
            "line": 288,
            "description": "Read-only. The current normalized position of the tween. This will always be a value between 0 and duration.\nChanging this property directly will have no effect.",
            "itemtype": "property",
            "name": "position",
            "type": "Object",
            "class": "Tween",
            "module": "TweenJS"
        },
        {
            "file": "../src/tweenjs/Tween.js",
            "line": 298,
            "itemtype": "property",
            "name": "_paused",
            "type": "Boolean",
            "default": "false",
            "access": "protected",
            "tagname": "",
            "class": "Tween",
            "module": "TweenJS"
        },
        {
            "file": "../src/tweenjs/Tween.js",
            "line": 306,
            "itemtype": "property",
            "name": "_curQueueProps",
            "type": "Object",
            "access": "protected",
            "tagname": "",
            "class": "Tween",
            "module": "TweenJS"
        },
        {
            "file": "../src/tweenjs/Tween.js",
            "line": 313,
            "itemtype": "property",
            "name": "_initQueueProps",
            "type": "Object",
            "access": "protected",
            "tagname": "",
            "class": "Tween",
            "module": "TweenJS"
        },
        {
            "file": "../src/tweenjs/Tween.js",
            "line": 320,
            "itemtype": "property",
            "name": "_steps",
            "type": "Array",
            "access": "protected",
            "tagname": "",
            "class": "Tween",
            "module": "TweenJS"
        },
        {
            "file": "../src/tweenjs/Tween.js",
            "line": 327,
            "itemtype": "property",
            "name": "_actions",
            "type": "Array",
            "access": "protected",
            "tagname": "",
            "class": "Tween",
            "module": "TweenJS"
        },
        {
            "file": "../src/tweenjs/Tween.js",
            "line": 334,
            "description": "Raw position.",
            "itemtype": "property",
            "name": "_prevPosition",
            "type": "Number",
            "default": "0",
            "access": "protected",
            "tagname": "",
            "class": "Tween",
            "module": "TweenJS"
        },
        {
            "file": "../src/tweenjs/Tween.js",
            "line": 343,
            "description": "The position within the current step.",
            "itemtype": "property",
            "name": "_stepPosition",
            "type": "Number",
            "default": "0",
            "access": "protected",
            "tagname": "",
            "class": "Tween",
            "module": "TweenJS"
        },
        {
            "file": "../src/tweenjs/Tween.js",
            "line": 352,
            "description": "Normalized position.",
            "itemtype": "property",
            "name": "_prevPos",
            "type": "Number",
            "default": "-1",
            "access": "protected",
            "tagname": "",
            "class": "Tween",
            "module": "TweenJS"
        },
        {
            "file": "../src/tweenjs/Tween.js",
            "line": 361,
            "itemtype": "property",
            "name": "_target",
            "type": "Object",
            "access": "protected",
            "tagname": "",
            "class": "Tween",
            "module": "TweenJS"
        },
        {
            "file": "../src/tweenjs/Tween.js",
            "line": 368,
            "itemtype": "property",
            "name": "_useTicks",
            "type": "Boolean",
            "default": "false",
            "access": "protected",
            "tagname": "",
            "class": "Tween",
            "module": "TweenJS"
        },
        {
            "file": "../src/tweenjs/Tween.js",
            "line": 377,
            "itemtype": "method",
            "name": "initialize",
            "params": [
                {
                    "name": "target",
                    "description": "",
                    "type": "Object"
                },
                {
                    "name": "props",
                    "description": "",
                    "type": "Object"
                },
                {
                    "name": "pluginData",
                    "description": "",
                    "type": "Object"
                }
            ],
            "access": "protected",
            "tagname": "",
            "class": "Tween",
            "module": "TweenJS"
        },
        {
            "file": "../src/tweenjs/Tween.js",
            "line": 405,
            "description": "Queues a wait (essentially an empty tween).",
            "itemtype": "method",
            "name": "wait",
            "params": [
                {
                    "name": "duration",
                    "description": "The duration of the wait in milliseconds (or in ticks if useTicks is true).",
                    "type": "Number"
                }
            ],
            "return": {
                "description": "This tween instance (for chaining calls).",
                "type": "Tween"
            },
            "class": "Tween",
            "module": "TweenJS"
        },
        {
            "file": "../src/tweenjs/Tween.js",
            "line": 417,
            "description": "Queues a tween from the current values to the target properties. Set duration to 0 to jump to these value.\nNumeric properties will be tweened from their current value in the tween to the target value. Non-numeric\nproperties will be set at the end of the specified duration.",
            "itemtype": "method",
            "name": "to",
            "params": [
                {
                    "name": "props",
                    "description": "An object specifying property target values for this tween (Ex. {x:300} would tween the x\n     property of the target to 300).",
                    "type": "Object"
                },
                {
                    "name": "duration",
                    "description": "Optional. The duration of the wait in milliseconds (or in ticks if useTicks is true).\n     Defaults to 0.",
                    "type": "Number"
                },
                {
                    "name": "ease",
                    "description": "Optional. The easing function to use for this tween. Defaults to a linear ease.",
                    "type": "Function"
                }
            ],
            "return": {
                "description": "This tween instance (for chaining calls).",
                "type": "Tween"
            },
            "class": "Tween",
            "module": "TweenJS"
        },
        {
            "file": "../src/tweenjs/Tween.js",
            "line": 434,
            "description": "Queues an action to call the specified function. For example: myTween.wait(1000).call(myFunction); would call\nmyFunction() after 1s.",
            "itemtype": "method",
            "name": "call",
            "params": [
                {
                    "name": "callback",
                    "description": "The function to call.",
                    "type": "Function"
                },
                {
                    "name": "params",
                    "description": "Optional. The parameters to call the function with. If this is omitted, then the function\n     will be called with a single param pointing to this tween.",
                    "type": "Array"
                },
                {
                    "name": "scope",
                    "description": "Optional. The scope to call the function in. If omitted, it will be called in the target's\n     scope.",
                    "type": "Object"
                }
            ],
            "return": {
                "description": "This tween instance (for chaining calls).",
                "type": "Tween"
            },
            "class": "Tween",
            "module": "TweenJS"
        },
        {
            "file": "../src/tweenjs/Tween.js",
            "line": 450,
            "description": "Queues an action to set the specified props on the specified target. If target is null, it will use this tween's\ntarget. Ex. myTween.wait(1000).set({visible:false},foo);",
            "itemtype": "method",
            "name": "set",
            "params": [
                {
                    "name": "props",
                    "description": "The properties to set (ex. {visible:false}).",
                    "type": "Object"
                },
                {
                    "name": "target",
                    "description": "Optional. The target to set the properties on. If omitted, they will be set on the tween's target.",
                    "type": "Object"
                }
            ],
            "return": {
                "description": "This tween instance (for chaining calls).",
                "type": "Tween"
            },
            "class": "Tween",
            "module": "TweenJS"
        },
        {
            "file": "../src/tweenjs/Tween.js",
            "line": 462,
            "description": "Queues an action to to play (unpause) the specified tween. This enables you to sequence multiple tweens.\nEx. myTween.to({x:100},500).play(otherTween);",
            "itemtype": "method",
            "name": "play",
            "params": [
                {
                    "name": "tween",
                    "description": "The tween to play.",
                    "type": "Tween"
                }
            ],
            "return": {
                "description": "This tween instance (for chaining calls).",
                "type": "Tween"
            },
            "class": "Tween",
            "module": "TweenJS"
        },
        {
            "file": "../src/tweenjs/Tween.js",
            "line": 473,
            "description": "Queues an action to to pause the specified tween.",
            "itemtype": "method",
            "name": "pause",
            "params": [
                {
                    "name": "tween",
                    "description": "The tween to play. If null, it pauses this tween.",
                    "type": "Tween"
                }
            ],
            "return": {
                "description": "This tween instance (for chaining calls)",
                "type": "Tween"
            },
            "class": "Tween",
            "module": "TweenJS"
        },
        {
            "file": "../src/tweenjs/Tween.js",
            "line": 484,
            "description": "Advances the tween to a specified position.",
            "itemtype": "method",
            "name": "setPosition",
            "params": [
                {
                    "name": "value",
                    "description": "The position to seek to in milliseconds (or ticks if useTicks is true).",
                    "type": "Number"
                },
                {
                    "name": "actionsMode",
                    "description": "Optional parameter specifying how actions are handled (ie. call, set, play, pause):\n     Tween.NONE (0) - run no actions. Tween.LOOP (1) - if new position is less than old, then run all actions\n     between old and duration, then all actions between 0 and new. Defaults to LOOP. Tween.REVERSE (2) - if new\n     position is less than old, run all actions between them in reverse.",
                    "type": "Number"
                }
            ],
            "return": {
                "description": "Returns true if the tween is complete (ie. the full tween has run & loop is false).",
                "type": "Boolean"
            },
            "class": "Tween",
            "module": "TweenJS"
        },
        {
            "file": "../src/tweenjs/Tween.js",
            "line": 549,
            "description": "Advances this tween by the specified amount of time in milliseconds (or ticks if useTicks is true).\nThis is normally called automatically by the Tween engine (via Tween.tick), but is exposed for advanced uses.",
            "itemtype": "method",
            "name": "tick",
            "params": [
                {
                    "name": "delta",
                    "description": "The time to advance in milliseconds (or ticks if useTicks is true).",
                    "type": "Number"
                }
            ],
            "class": "Tween",
            "module": "TweenJS"
        },
        {
            "file": "../src/tweenjs/Tween.js",
            "line": 560,
            "description": "Pauses or plays this tween.",
            "itemtype": "method",
            "name": "setPaused",
            "params": [
                {
                    "name": "value",
                    "description": "Indicates whether the tween should be paused (true) or played (false).",
                    "type": "Boolean"
                }
            ],
            "return": {
                "description": "This tween instance (for chaining calls)",
                "type": "Tween"
            },
            "class": "Tween",
            "module": "TweenJS"
        },
        {
            "file": "../src/tweenjs/Tween.js",
            "line": 578,
            "description": "Returns a string representation of this object.",
            "itemtype": "method",
            "name": "toString",
            "return": {
                "description": "a string representation of the instance.",
                "type": "String"
            },
            "class": "Tween",
            "module": "TweenJS"
        },
        {
            "file": "../src/tweenjs/Tween.js",
            "line": 587,
            "itemtype": "method",
            "name": "clone",
            "access": "protected",
            "tagname": "",
            "class": "Tween",
            "module": "TweenJS"
        },
        {
            "file": "../src/tweenjs/Tween.js",
            "line": 596,
            "itemtype": "method",
            "name": "_updateTargetProps",
            "params": [
                {
                    "name": "step",
                    "description": "",
                    "type": "Object"
                },
                {
                    "name": "ratio",
                    "description": "",
                    "type": "Number"
                }
            ],
            "access": "protected",
            "tagname": "",
            "class": "Tween",
            "module": "TweenJS"
        },
        {
            "file": "../src/tweenjs/Tween.js",
            "line": 636,
            "itemtype": "method",
            "name": "_runActions",
            "params": [
                {
                    "name": "startPos",
                    "description": "",
                    "type": "Number"
                },
                {
                    "name": "endPos",
                    "description": "",
                    "type": "Number"
                },
                {
                    "name": "includeStart",
                    "description": "",
                    "type": "Boolean"
                }
            ],
            "access": "protected",
            "tagname": "",
            "class": "Tween",
            "module": "TweenJS"
        },
        {
            "file": "../src/tweenjs/Tween.js",
            "line": 665,
            "itemtype": "method",
            "name": "_appendQueueProps",
            "params": [
                {
                    "name": "o",
                    "description": "",
                    "type": "Object"
                }
            ],
            "access": "protected",
            "tagname": "",
            "class": "Tween",
            "module": "TweenJS"
        },
        {
            "file": "../src/tweenjs/Tween.js",
            "line": 700,
            "itemtype": "method",
            "name": "_cloneProps",
            "params": [
                {
                    "name": "props",
                    "description": "",
                    "type": "Object"
                }
            ],
            "access": "protected",
            "tagname": "",
            "class": "Tween",
            "module": "TweenJS"
        },
        {
            "file": "../src/tweenjs/Tween.js",
            "line": 713,
            "itemtype": "method",
            "name": "_addStep",
            "params": [
                {
                    "name": "o",
                    "description": "",
                    "type": "Object"
                }
            ],
            "access": "protected",
            "tagname": "",
            "class": "Tween",
            "module": "TweenJS"
        },
        {
            "file": "../src/tweenjs/Tween.js",
            "line": 727,
            "itemtype": "method",
            "name": "_addAction",
            "params": [
                {
                    "name": "o",
                    "description": "",
                    "type": "Object"
                }
            ],
            "access": "protected",
            "tagname": "",
            "class": "Tween",
            "module": "TweenJS"
        },
        {
            "file": "../src/tweenjs/Tween.js",
            "line": 738,
            "itemtype": "method",
            "name": "_set",
            "params": [
                {
                    "name": "props",
                    "description": "",
                    "type": "Object"
                },
                {
                    "name": "o",
                    "description": "",
                    "type": "Object"
                }
            ],
            "access": "protected",
            "tagname": "",
            "class": "Tween",
            "module": "TweenJS"
        }
    ],
    "warnings": [
        {
            "message": "Missing item type\nDetermine the appropriate x/y/rotation information about a path for a given ratio along the path.\nAssumes a path object with all optional parameters specified.",
            "line": " ../src/tweenjs/MotionGuidePlugin.js:159"
        }
    ]
}